id,월키,날짜,부서,담당,제목,내용,매년반복
1,2025-03,3/4,"교무기획부","수업계","1학기 시간표 운영(임시→확정) 및 주간 변경 안내","개학일(3/4)에 임시 시간표를 안내하고 3/5~3/11 운영 후 3/12부터 확정 시간표로 전환한다(3/7 확정본 배포, 3/11 컴시간 알리미 이관). 이후 매주 목·금에 다음 주 시간표 변경(출장·행사 사유)을 쿨메신저로 안내하고, 교사·담임 모두 컴시간 알리미로 매일 확인하도록 지도한다. 수업 변경·보강 배정 원칙도 3/6에 별도 안내(시간표 변경은 연쇄 변동을 유발하므로 최소화).",TRUE
2,2025-03,3/4,"행정실","급여","부양가족신고서·원천징수동의서 제출","신규 부임 교직원 중 가족수당(배우자 포함) 수령자는 부양가족신고서와 주민등록등본을 개학 직후(3/5까지) 행정실에 제출하도록 안내한다. 3월 초 급여 처리를 위해 개학일에 바로 공지해야 한다.",TRUE
3,2025-03,3/4,"상담복지부","방과후","1기 방과후학교 강좌 개설 수요조사","개학일에 1기 방과후학교(3/24~6/20, 총 20차시, 차시당 45분) 강좌 개설 수요조사를 실시한다. 학사일정을 고려해 20차시 수업 가능 여부를 확인 후 신청하며, 가정통신문 발송 일정이 촉박하므로 다음날(3/5)까지 마감 리마인드를 보냈다. 학교행사로 휴강 시 보강 실시가 원칙.",TRUE
4,2025-03,3/4,"교무기획부","고사계","1학기 평가계획 수립 및 나이스 사전작업","3/4 교과별로 평가계획 약안(3월 교과협의록, 전자결재: 동교과 병렬협조→고사계→교무부장→교감→교장)과 세안 제출을 안내하고, 학업성적관리위원회 심의를 거쳐 3/28 확정본을 배포했다(영역별 기본점수 총점 20% 이상 등 규정 개정 반영, 확정 파일 기준으로만 평가). 나이스 성취평가기준 등록과 수행평가 영역·반영비율 입력(성적담당 박성민)은 학관위 통과 후 입력이 원칙으로, 3/13 첫 안내 후 4/11까지 마감했다.",TRUE
5,2025-03,3/4,"교육연구부","교과서","신학기 교과서 배부 및 교사용 지도서 관리","개학일에 방송에 따라 1학년 담임이 학급을 인솔해 교과서를 일괄 배부하고, 미배부 교과서(과학1 등)는 3/11 조회시간에 추가 배부했다(결석생 몫은 담임 보관). 2022개정 교과 지도서는 학교 자체 예산 구매로 바뀌어 3/14까지 반납·반품 처리했고, 교무실 비치 교사용 도서는 3/11 일과 후 정리했다.",TRUE
6,2025-03,3/5,"보건","보건","신학기 보건업무 일괄 안내","신규·복직 교직원은 한 달 이내 결핵검진(흉부엑스선) 필수(전 교직원 매년 1회)임을 3/5 안내. 3/14 요보호학생 명단(일반·알레르기)을 공람하고 비밀유지를 당부했으며, 법정감염병 학생 발생 시 담임이 보건실에 이름·병명·진단일을 보고하는 절차를 안내했다. 학사력에 없는 보건일정(6/5 2·3학년 소변검사, 7/4 교직원 심폐소생술 연수)도 3월 중 미리 공지해 부서 행사와 겹치지 않게 조율했다.",TRUE
7,2025-03,3/11,"2학년부","부장","중1 기초학력 진단검사 실시","3/11(화) 1~3교시에 1학년 각 반 교실에서 국·수·영 진단검사를 실시하며, 감독은 해당 교시 교과 담당 교사가 맡는다(3/5 1차 안내 → 3/10 재안내). 감독교사는 직전 쉬는 시간에 교무실에서 시험지 수령, OMR 인적사항·과목코드 확인 후 날인, 종료 후 문제지·답지 여분까지 전량 회수해 제출한다. 성적 미반영 검사이나 성실 응시 지도 필요.",TRUE
8,2025-03,3/12,"창의인문부","교내동아리","창체동아리·자율동아리 조직","3/12(수) 창체의 날 5교시 동아리 부서 조직(담임), 6교시 오리엔테이션(동아리 담당)을 진행하고 3/14 첫 동아리 활동을 실시했다. 사전에 동아리명·활동장소·회비·준비물을 구글 시트에 입력받고(3/7 마감), 외부강사 코티칭 동아리는 성범죄·아동학대 전력 조회 동의서를 받아야 한다. 자율동아리는 3/17~24 조직 기간 운영(포스터 학급 게시), 1학년 동아리는 자유학기(진로탐색) 시수 인정을 위해 동아리명 변경이 필요했다.",TRUE
9,2025-03,3/20,"상담복지부","전문상담","집단표준화 심리검사 실시","3/20 전교생 대상 집단표준화 심리검사를 실시했다(3/10 1차 안내 → 3/19 재안내: 컴퓨터싸인펜·수정테이프 준비, 해당 교시 교과교사가 교무실에서 검사지 수령). 당일 미참여 학생은 담임이 가정에서 온라인 검사하도록 개별 안내한다. 이 검사 결과는 4/1 1학년 정서행동특성검사와 별개로 운영된다.",TRUE
10,2025-03,3/11,"교육연구부","장학","부서 협의회(협의회비) 운영","3/13~3/31 중 부서별 1일을 선택해 부서 협의회를 실시하며, 날짜는 부서원 복무 확인 후 결정해 3/12까지 공유 시트에 입력한다(협의회 당일 조퇴·출장자는 인원에서 제외). 협의회비는 1인 25,000원이며 행정실에서 학교카드를 수령해 사용 후 영수증과 함께 반납한다.",TRUE
11,2025-03,3/12,"교무기획부","나이스·정보공시","나이스 부서별 권한 부여","학년 초 작년 기준으로 부서별 나이스 메뉴·부서원 권한 등록을 완료해 두고, 추가로 필요한 권한은 안내된 절차(첨부 매뉴얼)에 따라 각 부서에서 부서원에게 부여하도록 부장들에게 안내한다.",TRUE
12,2025-03,3/13,"도서관","사서","도서관 구입희망도서 신청(차수제)","제1차 구입희망도서 신청을 3/13 시작해 3/20 리마인드 후 3/31 16시 마감했다(구글 시트 입력). 2차 신청은 5/29 안내(6월 말~7월 구입 목표)로, 학기 중 차수를 나눠 반복 운영한다. 3월 초에는 교직원 이용자 등록, 4월에는 폐기도서 나눔전도 함께 진행.",TRUE
13,2025-03,3/17,"교육연구부","교육연구부장","교원학습공동체(교학공) 운영 개시 및 물품 지원","3/17 교학공 첫 활동일에 연간 운영계획 수립·계획서 패들렛 업로드를 안내하고, 교학공1은 전 교원 필수 참여 원칙(직무연수 신청 병행, 공동성찰 4/14 시작)임을 공지했다. 교학공당 학습준비물·교사 연구물품(60만원)·공동 연구도서(20만원)를 연간 예산으로 지원하며 1차 3/28, 2차 4/30 등 차수별로 구글 시트 신청을 받는다(수업 관련성 없는 물품은 제외). 이후 품의는 교무행정(김순주)·행정실과 연계해 처리.",TRUE
14,2025-03,3/17,"체육안전부","체육안전부장","안전점검 담당 지정 및 매월 4일 안전점검","3/17 부장·교과대표에게 특별실 안전점검 담당교사 지정을 요청하고(주 사용자 기준), 3/19 매월 4일 안전점검 체크리스트 제출 체계를 안내했다. 교실은 담임, 특별실은 담당교사, 운동장·시설은 행정실이 점검해 공유자료실>체육안전부>월별 폴더에 탑재하며, 매월 4일 전후 리마인드 메시지를 보낸다.",TRUE
15,2025-03,3/21,"교무기획부","기획(인사·복무)","학부모총회 운영(3/21)","3/4부터 학부모총회용 학교 안내자료를 부서별 수정 수합(3/6 마감)해 외부 업체 제작 후 3/20 학급 배부했고, 부서별 발표 PPT는 3/17까지 수합했다. 당일은 10분 단축수업, 14:30 강당 총회 후 학급 교실에서 담임과 간담회를 진행하며 학급함에 비치 서류(위원 선출용 등)를 미리 준비한다. 총회에서 선출된 부서별 학부모위원(대의원, 교복·앨범선정위 등) 명단은 3/24 각 부서에 공유했다.",TRUE
16,2025-03,3/24,"교무기획부","나이스·정보공시","정보공시 1차(3월) 입력·마감","3/24~3/31 나이스 정보공시(작성자)에서 담당 항목을 입력 지침서에 따라 등록→확인→작성자 마감하고, 이후 부서 부장이 확인자 마감을 한다. 학년 초에 항목별 작성자 변경 필요 여부를 먼저 조사(3/18)한 뒤 진행한다.",TRUE
17,2025-03,3/26,"창의인문부","창의인문부장","1학기 임원리더십캠프(1박2일)","3/27~28 학급임원 140명이 대천임해교육원 임원리더십캠프에 참가했다. 참가자는 4교시 종료 15분 전 조기 식사 후 12:20 집결(체육복 착용, 핸드폰 지참), 출결은 첫날 5~7교시 인정조퇴·둘째날 인정결석 처리하고 종료 후 최종 참가자 명단으로 출석인정 공문을 결재받는다.",TRUE
18,2025-03,3/31,"교육연구부","교직원연수·청렴","교직원회의 운영 절차","교직원회의(월요일 15:30, 과학실A)는 각 부서가 직전 금요일 12시까지 회의자료 PDF를 공유드라이브에 업로드하고, 당일 부서별 연수(고사계획·청렴·생명존중 등 의무교육 포함)를 진행한다. 회의 후 참석 명부 3종에 서명을 받아 연수 이수 근거로 관리하며, 명부는 공유드라이브에 보관한다. 4/21, 5/12(취소) 등 월 1회꼴로 반복.",TRUE
19,2025-04,4/1,"교무기획부","고사계","1학기 중간고사 준비·시행 흐름","3/31 교직원회의에서 시행계획 연수 및 제출서류(원안 양식, 서논술형 채점기준표 등) 배부 → 4/1 중간고사 계획 교과협의록 기안 → 4/18 복무로 감독 불가한 교사 조사(4/22까지) → 4/24 원안 포장 희망시간 조사 후 4/28 포장 일정 확정 → 4/29~30 고사 감독 연수(과학실A) 및 감독 매뉴얼 배부 → 5/1 시행. 민원이 많은 학교 특성상 감독 연수 필수 참석을 강조하고, 당일 수행+지필 병행 교시는 교무부에서 직접 방송으로 안내하며 화장실은 반별 1명씩만 허용. 평가 사전공지·부정행위 예방 유의사항은 4/24 재안내했다.",TRUE
20,2025-04,4/1,"행정실","급여","외부기관 시험 감독관 수시 모집","학교 교실을 빌려 치르는 외부 시험(IBK·금융연수원·한수원·수협 등, 3월~5월 거의 매주 토요일)의 감독관을 급여담당이 쿨메신저로 선착순 모집한다(수당 8만~15만원). 시험 전날 교실 정리·학생 개인물품 사물함 보관을 담임에게 협조 요청하고, 확정자에게는 출근시간·수당 지급 방식을 별도 안내한다.",TRUE
21,2025-04,4/2,"교육연구부","장학","법정의무연수·직무연수 이수 관리","연 60시간 이상 직무연수 이수(성과급 불이익 방지)와 법정의무연수 목록을 4/2 안내하고, 구글 시트로 이수 현황을 관리한다. 성희롱·성폭력·성매매 예방연수는 6/30까지(보건 안내), 안보·청렴교육 이수증은 7/18(방학식)까지 한수정에게 PDF 제출, 아동학대·긴급복지 신고의무자 교육은 교육연수원 강좌로 이수한다. 신학년 집중 준비기간 연수(2/17~3/7)의 나이스 등재 여부도 4/14·4/28 확인을 요청했다.",TRUE
22,2025-04,4/4,"교육연구부","교육연구부장","교직원 워크숍 기획·실시(5/15)","4/4 날짜 선호 설문(공무직·급식실은 5/1 근로자의날 휴무임을 고려) → 4/8 5/15(목) 강원도로 확정, 1~3교시 수업 후 출발(5,6,7교시를 1~3교시로 변경 운영) → 5/13~14 버스 좌석 배정표·참석 명단 확정 → 5/15 실시 후 구글폼 만족도 조사. 참석 인원과 품의 인원이 일치해야 정산 문제가 없으므로(5/20 지출 지적) 당일 불참자 복무를 정확히 반영해야 한다.",TRUE
23,2025-04,4/8,"진로교육부","진로체험","1학년 잡월드 진로탐색활동","중간고사일(5/1) 1학년 외부 진로탐색활동(잡월드)을 위해 4/8 프로그램 신청 방법을 안내하고, 잡월드 규정상 4/16~17 교과시간을 활용해 반별로 학생 직접 신청을 진행했다(교과교사 협조 필수). 5/1 당일은 1학년 담임·지도교사가 인솔하며 시험 감독 배정에서 제외된다.",TRUE
24,2025-04,4/8,"교무기획부","학적(행정지원사)","미인정 결석 학생 대응 계획","반별 미인정 결석 지속 학생은 결석 사유와 학생 소재·안전을 파악하고 담당자(이수진·김희경)에게 보고하도록 담임에게 안내한다. 정원외 학적관리(결석 64일째) 도달 전까지 단계별 대응(전화·가정방문 등)이 필요하다.",TRUE
25,2025-04,4/9,"과학정보부","정보기획","개인정보보호·정보보안 조치","4/1 부서별 개인정보 처리 위탁업무·수탁기관 현황을 조사해 개인정보 처리방침을 갱신하고, 4/10 개인정보 처리 유의사항·파기 절차와 양식을 공유자료실(2025 과학정보부>개인정보)에 탑재해 안내했다. 4/30에는 보안SW 3종 업데이트 등 정보보안 이슈 조치를 전 교직원에게 공지했다. 별도로 3월에 내PC지킴이 점검용 PC 이름 변경, 매월 PC지킴이 점검일 안내를 병행한다.",TRUE
26,2025-04,4/11,"보건","보건","보건실 입실확인증 운영 및 이용 지도","수업 중 보건실 방문으로 15분 이상 수업에 불참하면 질병결과 처리되며, 보건실 입실확인증을 발급해 교과교사가 확인하는 체계를 운영한다. 일일 보건실 이용이 160~170건에 달해 수업 시작 후 무단 방문·장기 체류 학생 지도를 교과·담임에게 반복 요청했다(4/30).",TRUE
27,2025-04,4/14,"2학년부","기초학력","기초학력 향상수업(키다리샘) 운영","3/24 학년·교과별 기초학력 수업 담당교사 선정 → 4/11 학습지원대상학생 지원협의회 구성(업무담당·수업담당·담임 포함) → 4/14 수업 개시 안내. 연간 15차시(차시당 45분, 학기별 7~8차시)를 12월 기말고사 전까지 운영하고, 출석부에 방과후 시간으로 기재하며 복무와 겹치지 않게 유의한다. 교재비는 학생 1인당 6만원, 수업 수당은 차시당 3만원(학기말 일괄 지급)이며 학생 간식도 부서에서 지원한다. 예산 여유 시 키다리샘 추가 팀도 선착순 모집(4/1).",TRUE
28,2025-04,4/15,"창의인문부","교내동아리","동아리 활동일 회차별 운영 절차","동아리 활동일(4/18, 5/16 등 금요일 5~7교시) 약 열흘 전에 주제·활동장소·회비·외부활동 집합장소를 스프레드시트에 입력받고, 활동 2~3일 전 학생 안내문을 학급함에 배부해 담임이 게시·안내한다. 우천 시 교내 대체 장소를 당일 1교시까지 신청받아 배정하며(5/16 사례), 보강 필요 교사는 사전에 담당자에게 신청한다. 동아리 물품비(총 200만원)는 수요조사 후 배분한다.",TRUE
29,2025-04,4/22,"교무기획부","교무기획부장","제21대 대통령선거 관련 업무","6/3 대선 대비 투표사무원 2명·개표사무원 1명 추천을 4/22 안내(4/24 마감, 선착순). 공무원 선거중립·정치관계법 공문을 수시 공람하고(4/22, 5/12 온라인 연수 자료), 5/22에는 학생들의 선거벽보 훼손 방지 지도를 요청했다. 6/3이 임시공휴일로 지정되면서 1학년 주제선택·3학년 스포츠클럽 이수 시수를 7월 학사일정으로 대체 편성했다.",FALSE
30,2025-04,4/22,"과학정보부","방송·디벗","1학년 디벗(크롬북) 보급","4/22 1학년 1~14반 교실에 디벗(크롬북)이 입고·설치되고(수업 중 설치기사 출입 양해), 점검을 거쳐 5/7부터 1학년 수업에서 사용 개시를 안내했다(전 기기 와이파이 연결 완료). 교과교사는 5/7 이후 수업에서 활용 가능하다.",TRUE
31,2025-04,4/28,"1학년부","기획(자유학기)","자유학기 서술평가 중간 피드백 입력","1학년 자유학기 교과 담당교사는 5/23까지 나이스(교과담임-성적-학생별 서술평가)에 과목별 중간 피드백을 입력해야 한다(4/28 안내). 동아리 특기사항은 중간 피드백 때 내보내지 않고 학기말에 일괄 입력하기로 5/27 정정·통일했다.",TRUE
32,2025-04,4/29,"교무기획부","기획(인사·복무)","체험활동 잔류학생 지도(5/8~9)","5/8~9 학년·학급별 체험활동을 앞두고 4/29 담임에게 미참여 예정자 명단(구글 시트) 입력을, 비담임에게 잔류지도 불가 사유(연가 등) 회신을 당일 마감으로 요청했다. 잔류학생은 점심 개별 지참을 안내하고, 5/7 잔류학생 지도 계획을 공람했다(당일 발생 가능성 대비 복무 참고).",TRUE
33,2025-04,4/30,"교무기획부","기획(인사·복무)","8월말 교육공무원 명예퇴직 신청 안내","4/30 2025년 8월말 명예퇴직 시행계획 공문을 공람하고(공고기간 5/1~), 희망자는 담당자에게 메시지로 신청 의사를 밝히도록 안내했다. 5/22 마감 직전 재안내를 발송했다.",TRUE
34,2025-05,5/1,"교무기획부","성적처리","중간고사 성적처리(채점~마감)","5/1 학생 답안 업로드 완료 후 교과교사가 나이스 과목별 채점을 진행하고, 성적이의신청 기간(5/12~14)을 담임 통해 학생에게 안내한다. 지필평가 성적 마감은 5/19이며, 전 학급 마감 후 정답률비교표·문항분석표 확인이 가능하다(결시자 인정점은 담당자가 입력). 이후 5/14 중간고사 성적 결과 분석 교과협의록을 기안한다(5/21 결재 완료 기한).",TRUE
35,2025-05,5/2,"창의인문부","창의인문부장","7교시 예방교육(안전·인성·흡연) 임장 운영","5/7 안전교육, 5/27 인성교육의 날, 5/30 흡연예방교육 등 7교시 방송형 예방교육을 운영하며, 매회 약 1주 전 임장 불가(조퇴·출장) 교사를 조사해 비담임 우선·기존 임장 이력을 고려한 임장 명단을 전일 배포한다. 인성교육의 날은 활동지·메모지를 학급함에 배부해 담임이 조회시간에 나눠주고 활동 후 결과물을 게시·수합한다.",TRUE
36,2025-05,5/7,"교장·교감","교감","가족돌봄휴가 사용·증빙 안내","가족돌봄휴가(유급)는 시간 단위 분할 사용이 가능하며 증빙서류 첨부가 필수임을 전 교직원에게 안내했다(첨부 매뉴얼 배포). 평소 복무 상신은 오전 11시(금요일은 오전 중) 이전 완료 원칙, 사유란 기재 필수 등 복무 관련 안내가 수시로 반복된다.",TRUE
37,2025-05,5/7,"창의인문부","창의인문부장","잠실공동체 약속 제정(설문→협약식)","서울교육공동체 약속 추진계획에 따라 4/28 설문 문항을 제작하고, 5/7~14 학생 설문(학급 게시·안내)과 5/15 워크숍 교직원 설문(QR)을 진행했다. 5/20 결과 공유와 최종 문구 의견 수렴을 거쳐 5/23 학급별 협약식을 실시, 협약서에 학생·보호자 서명을 받아 회수했다.",FALSE
38,2025-05,5/9,"상담복지부","상담복지부장","교육복지위원회 장학생 선정","5/9 장학생 선정을 위한 교육복지위원회 개최를 공지하고 5/14 15:30 수업나눔카페에서 부장단으로 구성된 위원회를 열어 교육복지 대상학생 2명 중 1명에게 장학금 120만원(1회성) 지급을 심의했다. 5/16 회의 결과 보고를 기안해 결재받았다.",TRUE
39,2025-05,5/9,"생활지도부","부장","점심시간 교내 순회지도 운영","학년부장·교감 회의와 부장회의 의견 수렴을 거쳐 점심시간 학생 안전지도·학교폭력 예방을 위한 교내 순회지도 계획을 수립했다(5/9 안내). 교사별 지정 위치에서 점심시간 지도를 실시하며, 올해 학교폭력 발생이 많아 조·종례 시 예방지도도 병행 요청됐다(4/22 교감 당부).",TRUE
40,2025-05,5/12,"교무기획부","수업계","분기별 보강 수당 지급 확인","1분기(3/1~5/2) 보강 배정 내역을 정리해 첨부파일로 공유하고, 당일 중 이상 여부를 회신받은 뒤 보강 수당을 지급한다. 분기 단위로 반복되므로 학기 중 보강 배정 기록을 누적 관리해야 한다.",TRUE
41,2025-05,5/14,"보건","보건","심폐소생술·응급처치 연수 일정 예고","2학년 학생 심폐소생술 교육을 7/7(월) 교시별 분반으로 실시함을 5/14 예고하고(해당 교과교사 참고), 교직원 응급처치(심폐소생술) 연수는 7/4(금) 14:20~17:20 단축수업으로 진행함을 5/28 안내했다. 교직원 연수는 매년 필수 이수로, 불참자는 개별 연수 신청으로 대체해야 한다.",TRUE
42,2025-05,5/19,"교무기획부","고사계","1학기 기말고사 준비 개시","5/19 기말고사 출제 교과 대상으로 시험시간 45분 미만 단축 희망 교과를 조사하고, 5/22 기말고사 시행계획 연수자료·지필고사 제출서류(원안 양식, 채점기준표 등)를 사전 배포했다(파일 비밀번호 별도 안내). 정식 연수는 6월 교직원회의에서 진행한다. 평가계획 변경 시에는 교과협의록 결재(고사계 공람) 절차를 거친다(5/29 안내).",TRUE
43,2025-05,5/29,"교무기획부","성적처리","학기말 성적처리 일정 사전 안내","5/29 학기말 성적처리 전체 일정을 예고했다: 6/27 수행평가 완료·마감(일람표 비고란 학생 정자서명) → 6/30 수행평가일람표 제출 → 6/30~7/2 OMR 리딩·나이스 채점 → 7/7 서술형 입력·학생 확인 → 7/8~9 정오표 배부·성적이의신청 → 7/10 지필 마감·인정점 부여 → 7/14 통지표 배부 → 7/18 대국민 나이스 반영. 동교과 강사 교사에게도 공유가 필요하다.",TRUE
44,2025-06,6/2,"교육연구부","교직원연수·청렴","월례 교직원회의 준비 및 안내","매월 교직원회의(월요일 15:30, 과학실A) 전 주에 각 부서가 공유드라이브 링크에 안건을 입력하도록 안내한다. 6/2 최초 안내 → 6/5 리마인드 → 6/9 당일 회의 공지 순으로 진행하며, 7/14·8/18·9/1 회의도 동일 패턴으로 반복된다. 기안이 필요한 자료가 있는 부서는 사전에 결재를 올리도록 함께 안내한다.",TRUE
45,2025-06,6/4,"체육안전부","안전점검·훈련","월 안전점검 체크리스트 제출","매월 4일 담임교사(교실)·특별실 담당교사(특별실)가 담당구역 안전상태를 점검하고 체크리스트를 공유자료실(체육안전부 폴더)에 탑재하도록 전체 안내한다. 수리가 필요한 부분은 시설유지보수 신청으로 연결하고, 운동장·기계·가스 등은 행정실 소관이다. 매달 같은 메시지를 발송한다.",TRUE
46,2025-06,6/4,"교무기획부","수업계","주간 시간표 변경·보강 안내(수업계 상시)","매주 목~금에 다음 주 시간표 변경 사항을 컴시간 알리미 기준으로 전체 공지하고, 담임교사가 학급 시간표 변경을 학생에게 안내하도록 한다. 결강 발생 시 보강 배정 안내와 교과교사 사전 확인 요청도 수시로 발송한다. 시험 전후·행사 주간에는 2주 단위로 묶어 안내하기도 한다.",TRUE
47,2025-06,6/5,"보건","보건","2·3학년 소변검사 실시","검사 전날(6/4) 교실 이외 장소 수업이나 수행평가 등으로 검사가 곤란한 반을 미리 파악하고, 당일(6/5) 오전 수업 중 학생이 검사받으러 이동하는 것에 대한 양해를 전체 교사에게 구한다. 해당 학년 수업 교사에게 검사 시간대 협조를 요청하는 흐름이다.",TRUE
48,2025-06,6/9,"교무기획부","생기부","1학기 생기부 입력 안내 및 점검계획 배포","6/9 교직원 연수에서 1학기 학교생활기록부 입력 안내와 점검계획을 연수한 뒤, 안내 파일과 PPT를 메신저 발송 및 공유자료실(교무기획부-학교생활기록부 폴더)에 탑재한다. 이후 7월 초 영역별 마감까지 이 자료가 기준이 되므로 학기말 약 한 달 전에 연수·배포하는 일정이다.",TRUE
49,2025-06,6/10,"교무기획부","나이스·정보공시","상반기 정보공시 자체 점검","수시·정시 1~2차 공시분에 대해 담당자별 자체점검표를 배부하고, 입력 내용·탑재자료 일치 여부를 O/X로 작성해 6/12까지 제출받는다. 오류 발견 시 수정·보완하고 정정대장 작성 대상자에게는 개별 안내하며, 개선 의견은 수합해 교육청에 전달한다.",TRUE
50,2025-06,6/10,"교무기획부","고사계","2학기 학생평가 선도과목 선정","학기별 2과목 이상, 수행평가 중점형(수행 70% 이상) 또는 서논술 중점형(서논술형 40% 이상) 중 택1로 선도과목을 선정한다. 6/10 안내 및 Q&A(선정돼도 추가 업무 없음, 계획대로 실시하면 됨) → 6/11 2과목 이상 선정 완료. 1학기 선정 과목 목록을 참고자료로 함께 제공하면 좋다.",TRUE
51,2025-06,6/10,"행정실","계약·학운위","학교운영위원회 안건 제출 및 회의 운영","6/10 학운위 회의 개최 안내와 함께 각 부서 안건 제출을 요청하고(6/16까지), 6/17 미제출 부서에 리마인드를 보낸다. 회의 후 학운위원 협의회 일정도 안내하며 불참자는 회신받는다. 안건 제출 마감 관리가 핵심이다.",TRUE
52,2025-06,6/10,"창의인문부","창의인문부장","다문화이해교육 필수 직무연수 이수 안내","다문화이해교육 직무연수가 3년간 15시간 필수 이수라는 공문에 따라 전 교원에게 이수를 안내한다. 7/14 연구부에서 원격연수 강좌 링크를 추가 안내하는 등 학기 중 반복 안내가 이루어진다. 이수 실적 관리가 필요한 법정 성격의 연수다.",TRUE
53,2025-06,6/16,"교무기획부","고사계","2학기 평가계획 수립 안내","6/16 2학기 평가계획 양식 배부(회수 후 재발송 주의) → 6/18 수립 관련 공지·참고자료 링크 제공 → 6/24 1학년 양식 수정 안내(지식·이해, 과정·기능, 가치·태도 범주는 평가요소별 기재) → 6/24 수행평가 가능 점수 확인용 시트 공유 순으로 진행한다. 교과별 협의를 거쳐 7월 초 제출받는다.",TRUE
54,2025-06,6/17,"교무기획부","고사계","기말고사 시험감독 편성 사전조사","기말고사(6/30~7/2) 전에 복무 사유(나이스 결재 필수)로 시험감독이 불가한 교사를 6/19까지 조사한다(고사기간 1학년 수업·외부활동 지도교사 제외). 이후 고사계(임혜란)가 매일 아침 당일 시험감독표를 발송한다.",TRUE
55,2025-06,6/17,"교장·교감","교감","장기결석·학업중단숙려제 학생 평가 처리 지침","학기말 평가 전 장기결석(건강·부적응·학폭 등)·학업중단숙려제 학생의 평가 처리에 유의하도록 교감이 전체 안내하고, 교무기획부장이 상세 지침을 후속 발송한다(6/17). 이 지침은 이후 성적처리 담당자의 학적변동 학생 점수 입력 안내(6/23)의 근거가 된다.",TRUE
56,2025-06,6/20,"교육연구부","장학","컨설팅 장학 운영","6/20 컨설팅 장학 계획 안내(영역: 생활교육_생활지도 및 학교폭력예방) → 6/26 사전질문 구글시트 수합 → 7/7 15:00 컨설팅 실시(당일 시간 변경 공지 포함) → 7/8 활용자료 공유 순으로 진행한다. 사전질문 수합과 당일 일정 안내가 담당자의 주 업무다.",TRUE
57,2025-06,6/23,"교무기획부","성적처리","1학기 수행평가 점수 입력·마감·일람표 제출","6/23 학적변동 학생(전출·면제·장기결석·미인정유학·대안위탁·학업중단숙려제) 유형별 점수 입력 기준 안내 → 6/24 일람표 제출 방법 안내(나이스 경로, 전 교사 서명, 클립철) → 6/26 전영역 마감 후 출력 필수 안내(대안위탁 학생 명렬 누락 방지) → 6/30 퇴청 전 제출 마감·미제출 교과 독촉. 강사 담당 교과는 동교과 교사가 챙기도록 한다.",TRUE
58,2025-06,6/23,"보건","보건","교직원 결핵검진(흉부X선)","여름방학 전 전 교직원 대상 결핵검진을 안내한다. 기간 6/30~7/17, 복무는 공가(종일 지양), 행정실 카드 수령 → 보건협회(9,120원) 또는 보건소(1,500원) 검진 → 다음날 카드·영수증 반납, 검진 후 보건실 명부 서명. 공단검진 대상자(홀수년도 출생)는 갈음 가능하며 6/30, 7/15, 8/19에 반복 리마인드한다.",TRUE
59,2025-06,6/24,"상담복지부","방과후","여름방학(2기) 방과후학교 강좌 개설 수요조사","여름방학 방과후학교(7/21~8/1, 2주간 하루 2차시 총 20차시) 강좌 개설 희망 교사를 조사한다. 강좌당 최대 20명(12명 이상 개설, 10명 미만 폐강), 수당은 4,000원×20차시×수강인원. 개설 희망자는 7/1까지 구글시트에 작성하도록 안내한다.",TRUE
60,2025-06,6/26,"교무기획부","교무기획부장","기말고사 교실 준비 및 고사기간 운영","고사 전일(6/27) 2·3학년 교실을 5X7 대형으로 맞추고 책상 속을 비운 뒤 서랍이 칠판을 향하게 돌리며 낙서·부착물을 확인하도록 긴급 안내한다. 고사 중 가방 잠금, 휴대폰·스마트워치 등 전자기기 소지 금지(소지만으로 부정행위) 지도 포함. 고사기간에는 1학년 진로활동을 담임이 전 시간 임장하고, 복무는 오전 10시까지 상신하도록 안내한다.",TRUE
61,2025-06,6/30,"교무기획부","기획(인사·복무)","여름방학 과제 수요 수합","여름방학 계획 수립을 위해 방학 과제가 있는 교과는 교과주임이 수합하여 7/3까지 메시지로 회신하도록 안내한다. 방학식 약 3주 전 방학계획 수립 착수 시점에 진행한다.",TRUE
62,2025-07,7/2,"과학정보부","과학정보부장","교실 기자재(컴퓨터·전자칠판) 비밀번호 변경","교육 기자재 보안 강화를 위해 1·2학년 교실 컴퓨터와 3학년 전자칠판 비밀번호를 연도 기반으로 변경하고 전 교직원에게 안내한다(학생 공유 금지). 전자칠판은 화면 터치 대신 키보드로 입력하고, 종료 시 전원 버튼이 빨간색인지 확인하도록 사용 지침도 함께 안내한다.",TRUE
63,2025-07,7/3,"교무기획부","고사계","기말고사 원안·정답배점표 제출(고사계)","기말고사 실시 교과는 고사원안 PDF(문서 암호 반드시 해제, 고사 중 수정사항 반영)와 정답배점표 PDF를 7/7까지 고사계에게 메신저로 제출한다. 고사 종료 직후 안내하여 성적처리 전에 수합을 완료한다.",TRUE
64,2025-07,7/3,"교무기획부","교무기획부장","학기말 단축수업 일과 운영","기말고사 후 학기말 업무 기간 일과를 조정한다: 7/4는 심폐소생술 연수로 10분 단축(35분 수업), 7/7~7/17은 5분 단축(40분 수업). 점심시간 변경을 학생에게 안내하고, 방송담당 교사의 타종 세팅과 메신저가 안 되는 강사에 대한 부서별 전달을 반드시 챙긴다.",TRUE
65,2025-07,7/3,"2학년부","기초학력","기초학력 실력향상수업 학기말 정리","2·3학년 기초학력 실력향상수업 담당교사에게 6/24 수업 진행상황 작성 안내(7/3까지 회신) → 7/3 리마인드 → 7/7 학습지원대상 지원협의회 → 7/16 출석부(복무와 겹치지 않게 작성)를 방학식(7/18)까지 2학년부로 제출받는 흐름으로 진행한다. 1차 향상도 점검은 2학기 개학 후(8/26) 협의록에 기재한다.",TRUE
66,2025-07,7/4,"보건","보건","교직원 응급처치(심폐소생술) 연수","연 1회 교직원 응급처치 연수를 7/4(금) 14:20~17:20에 실시하며, 6/27과 7/3 두 차례 사전 안내한다. 당일은 단축수업으로 일과를 조정(교무기획부 협조)하고, 별도로 2학년 학생 심폐소생술 교육(7/7)도 해당 교시 수업교사에게 안내한다.",TRUE
67,2025-07,7/7,"보건","보건","보건실 입실확인증 제도 시행","수업 중 보건실 이용 남용 문제로 6월 말 교감 주도로 부장회의·가정통신문 의견수렴을 거쳐, 7/7부터 수업 중 보건실 이용 시 교과·담임교사가 입실확인증에 서명해야 이용 가능하도록 제도를 시행한다. 양식에 교시 기재란을 추가하는 등 의견을 반영해 확정했으며, 벌점 기준 마련 논의도 병행됐다.",FALSE
68,2025-07,7/7,"교무기획부","교무기획부장","교원 겸직 허가 가이드라인 및 상반기 실태조사","사교육 불공정행위 근절 관련 교원 겸직 허가 가이드라인(사교육업체 강의·출제·컨설팅 겸직 금지, 허가기간 최대 1년, 겸직심사위원회 심의 필수)을 7/7 안내하고, 7/8 상반기 겸직 실태조사 해당자 회신을 받는다. 겸직 심사 관련 인사자문위원회(6/12, 8/25)도 수시로 열린다.",TRUE
69,2025-07,7/7,"과학정보부","과학정보부장","윈도우11 업그레이드 조치","윈도우10 기술지원 종료(2025.10.14)에 따라 전 교직원이 9/30까지 데스크톱·노트북 운영체제를 확인하고, 윈도우11이 아니면 쿨메신저 정보화유지보수 신청으로 접수하도록 안내한다. 포맷이 필요하므로 자료 백업을 사전에 안내한다.",FALSE
70,2025-07,7/8,"교무기획부","생기부","생기부 영역별 입력·반영 마감","7/8을 학교생활기록부 각 영역별 입력+반영 마감일로 운영한다. 동아리 담당(스포츠클럽 포함)은 누가기록+이수시간 반영·저장+특기사항 입력 3가지 모두 완료(하나라도 누락 시 검증 오류), 교과교사는 학급별 20% 이상 세특 입력(1학년은 전원), 2학년 협종·3학년 교과창체는 누가기록과 특기사항 입력을 점검한다.",TRUE
71,2025-07,7/8,"1학년부","기획(자유학기)","자유학기 생활통지표 동아리 특기사항 반영","1학년 동아리 담당교사는 자유학기 생활통지표에 동아리 특기사항이 출력되도록 7/17까지 나이스에서 [자유학기 학교생활통지표 관리]-[활동영역별 특기사항]에서 '학생생활 특기사항 가져오기'를 실행하고 저장해야 한다. 생기부 입력과 별개 작업이므로 누락되기 쉬워 별도 안내가 필요하다.",TRUE
72,2025-07,7/8,"교무기획부","기획(인사·복무)","익년도 명예퇴직 수요조사","2026년 명예퇴직 수요 파악 공문을 공람하고, 희망자(재직 20년 이상, 정년 전 1년 이상)는 7/16까지 메시지로 회신받는다. 신청이 아닌 수요조사임을 명확히 안내한다.",TRUE
73,2025-07,7/9,"교육연구부","교직원연수·청렴","법정의무연수·청렴교육 이수증 제출","4월 교직원 연수에서 안내한 법정의무연수 묶음과정과 청렴교육 이수증(총 2개)을 전 교원이 방학식(7/18)까지 PDF로 개별 제출하도록 하고, 7/9 미제출자 대상 리마인드를 보낸다. 미신청자는 서울시교육청교육연수원에서 신청·수강하도록 링크를 안내한다.",TRUE
74,2025-07,7/11,"교무기획부","성적처리","학기말 성적 확인·통지·마감","7/11 담임에게 7/14 조회시간 개인별 성적일람표 배부 안내(나이스 학급담임-학기말성적조회 출력), 학생 이상 신고는 7/17까지 교과교사에게, 7/19부터 나이스 학부모서비스 열람 안내. 7/18 오후 4시 성적 마감을 공지하고 담임은 출결 마감·생기부 반영 완료를 확인한다. 수정 필요 시 담당자가 마감 해제 후 재마감하는 절차다.",TRUE
75,2025-07,7/14,"교무기획부","기획(인사·복무)","여름방학 41조 연수·eVPN 신청","방학 중 41조 연수와 eVPN 신청을 안내하고 7/16 오전까지 복무를 상신받는다. 공무외 국외여행 계획서 양식은 공유자료실(교무기획부-방학계획)에 탑재하여 활용하게 한다.",TRUE
76,2025-07,7/15,"창의인문부","창의인문부장","학교 축제 이름 공모전 운영","11/7 축제를 앞두고 7/3 이름 공모 접수 → 7/15 후보작 투표 → 7/17 결과 발표(전체 359명 투표)의 3단계로 진행했다. 학생·교직원 전체 참여 행사로, 공모-투표-발표 일정 간격을 짧게 잡아 방학 전에 완료한 것이 특징이다.",FALSE
77,2025-07,7/17,"행정실","행정실장","방학 중 교실·특별실 관리 안내","방학 전 이틀간(7/17, 7/18 방학식 재안내) 각 실 관리사항을 공지한다: 쓰레기통·재활용품 비우기(음식물 악취 방지), 교실·복도 창문 안팎 걸쇠 잠금(빗물 유입 방지), 멀티콘센트·충전함·공기청정기 등 전자기기 전원 차단(대기전력). 별도로 각 실 보안점검표 정비도 학기말(7/15)에 요청한다.",TRUE
78,2025-07,7/18,"교무기획부","교무기획부장","방학식 운영 및 방학 전 안전교육","방학식 당일 일정(1교시 대청소·담임시간, 2교시 방송 방학식, 1·2학년 하교, 3학년 별도활동)을 40분 수업 기준으로 안내하고 일과표를 배부한다. 교감 지시사항으로 담임의 학생 안전교육 실시와 안전사고 발생 시 학교 보고 체계를 재전달하며, 생기부 관련 제출물은 담당자 기안내대로 마감한다.",TRUE
79,2025-08,8/18,"교무기획부","수업계","2학기 시간표 운영(임시→확정)","개학일부터 첫 주(8/18~22)는 임시 시간표로 운영하고 8/25부터 확정 시간표를 시행한다. 8/21 확정 시간표 안내 → 8/22 컴시간 알리미 이관 완료 공지 순서로 진행하며, 스포츠·학교자율·외부강사 수업 등 고정 요인 때문에 개인 시간표 불만에 대한 양해를 미리 구하는 것이 좋다.",TRUE
80,2025-08,8/18,"교무기획부","교무기획부장","개학일 학사 운영 안내","개학일 아침 시간표를 배부하고 담임이 학급 시간표를 학생에게 안내하도록 한다. 교감 안내사항으로 방학 중 비운 교실·복도·특별실 청소(컴퓨터 주변 먼지 포함), 점심 후 종례·하교, 종례 시 기본 생활·안전지도, 당일 15:30 전체 교직원회의 참석을 공지한다. 창체의 날(1~4교시) 운영 계획도 창의인문부에서 병행 안내한다.",TRUE
81,2025-08,8/19,"교무기획부","수업계","분기 보강수당 지급 확인","2분기(5/5~7/18) 보강 배정 현황 파일을 배부하고 당일 4교시까지 이의신청을 받는다. 보강 수당은 시간당 12,000원이며, 결강 교사 본인의 보강·일정 변경으로 수업이 감소한 교사의 보강·동아리 활동 보강은 지급 제외임을 명시한다.",TRUE
82,2025-08,8/19,"상담복지부","방과후","3기(2학기) 방과후학교 강좌 개설 수요조사","2학기 방과후학교(9/8~12/26, 총 20차시) 강좌 개설 희망을 조사한다. 아침반(주2회 7:30~8:15) 또는 방과후반(주1회 2차시) 중 선택, 12명 미만 신청 시 미개설·2차시 후 10명 미만 시 폐강, 수당 4,000원×20차시×수강인원. 8/22까지 구글시트 작성으로 신청받는다.",TRUE
83,2025-08,8/20,"체육안전부","안전점검·훈련","전국 민방위 훈련 대응","8/20 14시 전국 민방위 훈련에 맞춰 전날(8/19) 시간표 조정안을 안내하고 수정본을 재발송하며, 당일 아침 훈련 시작·대피 요령을 재공지한다. 훈련 시간과 겹치는 교시의 수업 조정과 방송 협조가 핵심이다.",TRUE
84,2025-08,8/20,"상담복지부","전문상담","1학년 마음교육 프로그램(구 심성수련) 운영","9~10월 월수금 방과후(15:15~16:25, 상담주간에는 앞당김)에 1학년 학급별 소그룹 집단상담을 운영한다. 담임은 8/22까지 남녀혼성 4개조 조편성 양식을 제출하고 학생들에게 사전 안내하며, 보호자에게는 이알리미 가정통신문으로 안내한다. 장소는 해당 교실 외 수학교실·Wee클래스 등 4곳을 확보한다.",TRUE
85,2025-08,8/20,"교무기획부","나이스·정보공시","정보공시 3차(9월) 입력·확인자 마감","9월 정보공시는 8/25부터 입력 가능하며 9/1 오전까지 마감한다. 부서 담당자가 항목 작성·마감 후 부장에게 확인자 마감을 요청하는 2단계 구조이며, 나이스-정보공시(확인자)-공시자료관리 경로로 제출자료 확인 후 확인자 마감까지 완료해야 한다.",TRUE
86,2025-08,8/20,"상담복지부","기획","2학기 상담주간 운영","8/25~9/5 2주간을 상담주간으로 운영하며 5분 단축수업을 실시한다. 상담 중 발견한 교육취약학생(정서·경제·부적응)은 상담복지부로 연계하도록 전체 교사에게 안내하고, 단축수업 일과는 교무기획부와 협조해 공지한다.",TRUE
87,2025-08,8/21,"체육안전부","체육행사","체육대회 교사 임장지도 편성 사전조사","9/12 체육대회의 교사 임장지도표 작성을 위해 당일 출장·연가 등으로 불참하는 교사를 8/22 퇴청 전까지 회신받는다. 대회 약 3주 전 복무 예정 조사 → 임장지도표 작성 순으로 진행한다.",TRUE
88,2025-08,8/21,"과학정보부","과학정보부장","미리캔버스 교육용 Pro 제공 안내","서울시교육청이 제공하는 미리캔버스 교육용 Pro를 sen.go.kr 계정 가입·로그인으로 사용할 수 있음을 안내한다. 2027년 2월까지 사용 가능하며 이후 유료 요소는 워터마크 처리됨을 함께 공지한다.",FALSE
89,2025-08,8/22,"교무기획부","기획(인사·복무)","결석 다수 학생 출결 관리(수업일수 1/3 규정)","학업성적관리규정상 결석+출석인정결석 합계가 수업일수의 1/3에 도달하면 이후 출석인정결석은 매회 학업성적관리위원회 심의가 필요하다. 총 55일 근처인 학생이 있는 담임은 결석 유형별 일수를 수시로 확인해 교무 담당 2인에게 보고하고, 체험학습 결재 시 해당 학생 여부를 반드시 재확인하도록 안내한다.",TRUE
90,2025-08,8/25,"교육연구부","장학","2학기 학부모 수업공개 운영","9/4(목) 6·7교시(40분 수업)에 전 교사가 최소 1시간 이상 수업을 공개하도록 시간표를 조정한다. 8/25 조정 시간표 배부 및 공개 불가자 당일 회신 → 지도계획 구글시트 8/27까지 작성 → 특별실 사용 중복 여부 확인 순으로 진행하며, 학부모 참석 여부는 이알리미로 수합한다.",TRUE
91,2025-08,8/25,"교육연구부","장학","2학기 교과협의회 일정 수합","9/1~9/30 중 교과별 1일을 선택해 교과협의회를 실시하며, 협의회비는 1인 20,000원이다. 날짜 결정 시 구성원 복무(조퇴·출장 등)를 확인해 복무자가 인원에 포함되지 않도록 하고, 8/28까지 구글시트에 날짜를 입력받는다. 이후 교과별로 품의를 올려 집행한다.",TRUE
92,2025-08,8/26,"교무기획부","고사계","2학기 평가계획 최종 대조 확인","학기 초 2학기 교과평가계획 구글시트가 기존 수립 평가계획과 동일하게 작성되었는지 교과별·학년별로 당일 중 확인하도록 요청한다. 평가계획 확정본과 공시·나이스 입력 내용의 불일치를 학기 시작 직후에 잡아내는 절차다.",TRUE
93,2025-08,8/27,"창의인문부","인문교육","아침 책 산책 프로젝트 학급문고 신청","서울시교육청 독서토론인문교양교육 예산으로 참여 학급에 책 15권+간이 책꽂이를 제공하고 아침조회 시간 독서를 운영한다. 희망 담임은 9/3까지 회신하며, 신청 과다 시 특정 학년 위주 선정 가능함을 안내한다. 도서는 장서인 날인 후 학급 배부하고 학급 간 교환 운영도 가능하다.",FALSE
94,2025-08,8/28,"교무기획부","성적처리","2학기 성적처리 선행작업(성취기준·수행평가 영역 등록)","학기 초 성적처리를 위해 학년별 교과 대표 교사가 9/5까지 나이스에서 ①성취평가기준 등록(국가교육과정 성취기준 가져오기) ②수행평가 영역·반영비율·만점 입력(학기말 반영여부 'O' 체크 필수)을 완료하도록 안내한다. 상세 클릭 경로를 함께 배포하면 문의가 크게 준다.",TRUE
95,2025-09,9/2,"행정실","계약·학운위","2학기 학교운영위원회 및 추가경정예산 요구","9/2 학운위 개최 예고와 함께 안건 내부기안(9/8까지), 제1회 추경예산 요구서(엑셀 작성 후 9/5까지 내부기안, 교감 서명) 제출을 안내. 이후 위원장 사정으로 9/23(화)로 변경되어 9/15 안건·발표순서 재안내 후 개최. 부서 내 다른 교사의 예산 요구 여부까지 부장이 확인해야 함.",TRUE
96,2025-09,9/2,"도서관","사서","교직원 희망도서 신청(3~4차 도서 구입)","9/2 제3차 도서관 자료 구입용 교직원 희망도서를 구글시트로 신청받기 시작(~9/25), 9/23 마감 전 재안내. 교과활용도서는 사서에게 별도 문의. 11/24에는 제4차 신청을 받는 등 분기별로 반복되는 업무.",TRUE
97,2025-09,9/4,"체육안전부","안전점검·훈련","매월 4일 안전점검의 날 운영","매월 4일(9/4, 10/4, 11/4 반복) 담임은 교실, 특별실 담당은 특별실, 행정실은 운동장·시설의 안전 상태를 점검하고 체크리스트를 작성해 공유자료실→체육안전부→안전점검체크리스트 폴더에 월별 탑재하도록 전체 안내.",TRUE
98,2025-09,9/8,"교육연구부","교직원연수·청렴","감염병 예방교육 등 법정의무교육 이수 관리","감염병예방법에 따라 매년 1시간 이상 감염병 예방교육이 법정의무교육에 포함됨. 서울시교육청교육연수원에서 '감염병 교육 기본 과정' 수강 후 이수증 pdf(파일명: 감염병예방이수증(성명))를 9/30까지 담당자에게 제출하도록 안내. 교직원 법정의무교육 목록은 구글시트로 관리.",TRUE
99,2025-09,9/8,"체육안전부","체육행사","스포츠어울림한마당(체육대회) 운영","9/12(금) 학생체육관에서 개최. 9/8 전 교직원 역할 분담·학생안전지도 협조 안내 → 9/10 전 교직원 복무를 8:20~13:20 일괄 출장으로 상신(불참자 제외), 좌석·매점·화장실 출입증·쓰레기 정리 등 세부 지침 안내 → 9/11 교무부에서 당일 복무 결재 안내 순으로 진행.",TRUE
100,2025-09,9/9,"교육연구부","연구기획","교직원 문화의 날 운영","9/17(수) 교직원 문화의 날(영화·전시·야구 중 선택)을 위해 9/9 최종 참여조사(9/10 마감) → 9/15 영화 관람 상세 안내 → 9/17 당일 복무는 15:30~18:50 근무지내 출장으로 일괄 상신. 사전 예매 후 취소 불가이므로 참여 확정 관리가 중요.",TRUE
101,2025-09,9/9,"교육연구부","장학","교과 협의회 실시 및 협의회비 집행","교과별 협의회 실시 시 ①협의회 날짜에 복무 확인 ②행정실(지출 담당)에서 법인카드 수령 후 사용, 영수증과 함께 부서명 메모를 붙여 반납 ③지출은 한 곳에서만 가능(음식점·커피숍 분할 불가). 협의회비는 1인 2만원이며 교과협의록은 월말까지 기안·결재해야 함.",TRUE
102,2025-09,9/15,"교육연구부","연구기획","교과학습준비물·교학공물품·공동연구도서 3차(최종) 신청","올해 마지막 물품 신청으로 9/15 안내 후 9/18 퇴청 전 마감 → 9/22~23 조건 검토 후 재안내(연장). 구입 목적 기재, 단가·수량 입력, 구입처 장바구니 담기, 판매명 그대로 입력이 필수 조건. 물품은 10/14 1층 교무실 앞 도착 후 신속 수령 안내.",TRUE
103,2025-09,9/15,"교육연구부","교과서","2026학년도 교과용도서 선정·심의","9/15 선정 공정성 확보를 위한 제척 사유 확인 → 9/19 선정 대상(6개 교과 9권) 및 절차 안내: 9/22~30 교과협의회에서 검인정 교과서 검토, 서식1(개별 평가표)·서식2·3을 교과협의록과 함께 10/1까지 연구부 제출 → 9/26 리마인드 → 10/13 학운위 심의안 작성. 선정 계획안 기안과 학운위 심의까지가 한 흐름.",TRUE
104,2025-09,9/18,"교무기획부","고사계","1,2학년 2학기 중간고사 운영(9/29)","9/18 시험감독 불가자(나이스 결재된 복무 사유 필수) 사전 신고 접수 → 9/22 학업성적관리·고사 연수 자료 배부(담임 매뉴얼, 감독 매뉴얼) → 9/29 당일 아침 시험감독 명단 최종 안내 후 시행. 고사 기간 중 조퇴 자제 요청(교감) 등 복무 관리 병행.",TRUE
105,2025-09,9/19,"교무기획부","성적처리","3학년 2학기 성적처리 일정 로드맵 공지","3학년 조기 성적 마감에 대비해 전체 일정을 미리 공지: 10/23 수행평가 입력 마감·학생 확인 → 10/27 일람표 제출+기말고사 시작(27~29일) → 11/5~6 정오표 배부·성적이의신청(체험학습 불가) → 11/11 학기말 일람표 배부 → 11/17 나이스 대국민 반영. 각 단계 전 세부 안내를 추가 발송하는 방식.",TRUE
106,2025-09,9/22,"교무기획부","고사계","선행출제 여부 점검 및 보고","국·수·영·사(역)·과 대상, 교육청 보고 교과와 학교 자체 점검 교과를 구분해 공유자료실 엑셀에 점검위원 명단과 점검표 작성. 기한은 중간 9/30, 3학년 기말 10/31, 2학년 기말 12/18이며 10/29 기한 임박 리마인드 발송.",TRUE
107,2025-09,9/22,"행정실","급여","2026년 맞춤형복지 단체보험 사전선택","공무원·기간제교원 대상 2026년도 단체보험 개인별 사전선택(9/16~10/13)을 맞춤형복지시스템에서 진행. 실비보험 미가입자는 증권 사본이나 credit4u.or.kr 출력물 제출 필요. 9/29 2차 안내로 추석 연휴 전 완료 독려.",TRUE
108,2025-09,9/22,"창의인문부","자율동아리","자율동아리 활동 마무리 및 나이스 입력","활동 인정 기간 4/1~9/30 종료에 맞춰 총 8회 이상 활동, 출석부·차시보고서 일치, 지도교사 도장 등 6개 항목 점검 후 보고서를 10/2까지 제출하도록 지도교사에게 안내. 이후 11/4 첨부파일 문구 그대로 나이스 동아리활동 특기사항 일괄 입력·학생부 반영 안내(90바이트 제한 유의).",TRUE
109,2025-09,9/23,"교무기획부","기획(인사·복무)","재량휴업일(10/10) 41조 연수 신청","추석 연휴 중 재량휴업일인 10/10에 대해 9/26(금) 12시까지 41조 연수 상신 안내(결재라인: 본인-교무부장-교감-교장). 국외여행이 10/10을 포함하면 계획서 작성, 연가 상신 시 계획서 불요. 연휴 중 해외 출국자는 교감에게 개별 보고해 연락체계 유지.",TRUE
110,2025-09,9/23,"2학년부","기초학력","기초학력 지원 사업 하반기 운영","9/23 학생 1인당 5만원 기초학력 교재비를 10/2까지 사용하도록 독촉(품의는 교무실 담당자에게 요청) 및 2차 향상도 점검 예고 → 10/30 학생 향상도 조사, 11/11 교과 성적·석차 기반 2차 향상도 협의록 기재 → 11/28 기초학력 지원협의회 개최로 마무리.",TRUE
111,2025-09,9/29,"교무기획부","교무기획부장","2026 수능감독관 선정 명단 작성","현재 근무 중인 전 교사 대상으로 감독관 명단을 작성하며, 감독 제외 특이사항 해당자는 10/1까지 교무부장·교감에게 사유 통보, 증빙서류는 10/13까지 교감에게 제출. 비교과·특수교사도 해당 사항 시 회신. 추석 연휴로 기한이 촉박하므로 즉시 회신을 독려한 것이 포인트.",TRUE
112,2025-10,10/1,"교장·교감","교감","교원 장기재직휴가 학교 지침 수립·시행","9/19 교육청 지침 기반 학교 지침(안) 의견수렴 → 9/25~26 인사자문위원회 협의 → 10/1 본교 지침 확정 안내. 재직 10년 이상 5일, 20년 이상 7일이며 2학기 사용 희망자는 10/15 16시까지 신청서 출력본과 재직기간 계산 파일을 교감에게 직접 제출.",TRUE
113,2025-10,10/2,"교무기획부","교무기획부장","교원 시·도 교류 및 수석교사 선발 신청 안내","2026.3.1.자 교원 시·도 교류(전출입·파견) 기본계획과 2026 수석교사 선발 운영 공문을 공람하고 기한 내 신청 안내. 9월에는 진로전담교사 선발·배치 공문도 동일 방식으로 안내했으며, 지원자 발생 시 교내 평판도 조사(교감 주관)가 뒤따름.",TRUE
114,2025-10,10/13,"교무기획부","고사계","3학년 2학기 기말고사(10/27~29) 운영","10/13 시험감독 불가자 사유(나이스 결재 필수) 당일 접수 → 10/17 고사원안 포장 일정 구글시트 작성 → 10/27~29 매일 아침 일차별 감독 시간표 안내, 고사 기간 1교무실 학생 출입 금지, 위클래스 별도 고사실 운영, 1·2학년 수업 정숙 지도 요청까지 한 흐름으로 진행.",TRUE
115,2025-10,10/14,"과학정보부","과학정보부장","교실 컴퓨터 철거 및 개인 장비 전환","윈도우11 업데이트 불가로 9/26 1,2학년 교실 컴퓨터 철거 예고(자료 백업·개인 노트북/태블릿 지참 안내) → 10/14 철거일 확정(10/27 오후, 전자칠판용 HDMI선은 유지, C타입 젠더 배부) → 10/29 3학년 13~14반 추가 안내. 철거 후 여분 모니터는 희망자에게 배부.",FALSE
116,2025-10,10/13,"창의인문부","창의인문부장","학교 축제 '청춘마루'(11/7) 준비·운영","10/13 교직원회의 후 학급·동아리 부스 운영 자료 배부 → 10/14 교사 특별부스 신청(10/17 마감, 부스당 예산 15만원) → 10/22 축제 당일 임장지도 계획 수립(지도 불가 시 대체자 확보 후 통보) → 10/24 부서별 업무 포함 운영계획안 공유 → 11/6 최종 안내 → 11/7 개최 후 사진·영상 수합.",TRUE
117,2025-10,10/17,"교무기획부","교무기획부장","수행평가 마감·학생확인 기준 및 나이스 마감","수행평가 마감·학생확인일(3학년 기말 기준 10/23)에 학생 서명 확인과 나이스 입력을 완료하고, 일람표는 고사 1일차(10/27)에 제출하되 미완료 학생은 지필 마지막 날(10/29)까지 기회 부여가 학교 공통 기준. 10/27 고사계가 나이스 전체영역 마감→일람표 출력→전 교사 도장→클립철 제출 절차를 상세 안내.",TRUE
118,2025-10,10/20,"과학정보부","방송·디벗","3학년 크롬북(디벗) 회수","서울시교육청이 11/17 3학년 크롬북을 전량 회수함에 따라 교내에서는 10/27 이후 3학년 수업 중 크롬북 사용 자제를 안내. 11월에는 회수용 종이상자를 각 부서에서 수합(교감 안내). 회수 일정 역산해 수업 계획을 조정해야 함.",FALSE
119,2025-10,10/20,"교육연구부","연구기획","교원학습공동체(교학공) 수업 나눔 주간 운영","10월 하순~11월에 걸쳐 교과별 수업 나눔을 순차 공지(수학 10/21, 기가정 10/22, 미술 10/23, 과학 11/3, 체육 11/21 등). 소속 교사는 필수 참관(시간표 변동 처리), 사전협의회는 패들렛 수업설계안에 피드백 댓글로 대체, 당일 15:30 수업나눔카페에서 사후협의회 후 병렬협조 협의록 기안·결재.",TRUE
120,2025-10,10/21,"행정실","행정실장","동절기 난방 가동 안내","기온 하강에 따라 10월 넷째 주부터 난방 가동을 시작하되 간절기에는 관리실만 우선 가동하고, 교실은 11월 중 날씨를 보아 개시. 교실 난방은 잠가두므로 학생들이 조작하지 않도록 지도 요청. 수능 연휴 등 장기 부재 시 난방·소등 점검 안내(교감)와 연계.",TRUE
121,2025-10,10/22,"보건","보건","교직원 국민건강보험공단 검진 안내","올해(홀수연도)는 홀수연도 출생 교직원이 검진 대상. 개인 종합검진·입원·임신 등으로 어려우면 공단에 검진제외 신청하고, 검진 후 기관·날짜를 보건실에 통보. 연말 예약이 어려우므로 조기 검진 독려하며 미검진 시 과태료 가능성 안내. 11/10, 11/20 미검진자 대상 재안내 발송.",TRUE
122,2025-10,10/24,"진로교육부","진로행사","전일제 진로의 날(10/30) 운영","1학년은 외부 진로직업체험(부장·담임 인솔), 2·3학년은 교내에서 자아이해캠프·고교학점제캠프·대학생 학과특강·U&I 검사 등 1~7교시 프로그램 진행. 교내 교사는 당일 시간표대로 교과별 임장지도, 검사 시간 임장 교사는 학급함의 검사 안내문 숙지 필요. 10/24 사전 안내 → 10/30 당일 재안내 → 종료 보고 순.",TRUE
123,2025-10,10/29,"생활지도부","기획","학교폭력 예방 기여 교원 승진 가산점 신청","교원 정원 74명 기준 1영역 24명, 2영역 5명(택1) 규모로 10/29~11/3 16:20까지 신청서를 교무실에 제출받음. 이후 11/4 기한 연장, 긴급 심사회의를 거쳐 11/6 선정 결과를 1교무실에 게시. 신청 규모 산정과 심사위원회 운영이 핵심.",TRUE
124,2025-10,10/29,"교무기획부","성적처리","3학년 기말 성적처리(채점~마감) 실무","10/29 답안 업로드 완료 후 당일 퇴청 전까지 나이스 일괄채점(서술형은 성적관리 탭 입력) → 11/5 담임이 조회시간에 정오표 출력·배부, 11/5~6 성적이의신청(교과교사는 OMR 확인 대응) → 11/6 16:20~11/7 08:30 사이 결시자·학적변동자 반영해 지필평가 성적 마감. 각 단계별 나이스 경로를 메시지로 상세 안내하는 방식.",TRUE
125,2025-10,10/30,"교무기획부","생기부","3학년 생기부 조기 입력(고입 제출 대비)","특성화고·자사고·외고 등 지원 학생은 원서 접수 전 생기부 제출이 필요하므로, 담임의 출결 마감을 시작으로 창체 자율·동아리·봉사·진로활동의 누가기록, 특기사항, 이수시간 반영을 지원교 마감일 이전에 완료하도록 담임·동아리 담당교사에게 안내. 안내용 패들렛을 상시 운영.",TRUE
126,2025-10,10/31,"교무기획부","기획(인사·복무)","2026년 2월말 명예퇴직 신청 안내","교육공무원 명예퇴직 시행계획 공문 공람: 공고기간 10/31~11/20, 신청기간 11/21~26(4일간). 희망자는 공문 참고 후 담당자에게 메시지로 연락하도록 안내. 11/5에는 중등 임용시험 1차 감독관 추천 공문도 함께 공람.",TRUE
127,2025-11,11/3,"교무기획부","교무기획부장","2학기 마지막 주 학사일정 변경","1학년 스포츠 시수 확보를 위해 2026.1.6(화)을 금요일 수업에서 월요일 수업으로 변경. 9월부터 스포츠클럽 시수 확보를 위한 마지막 주 수업 변경이 수차례 있었으므로, 변경 시 학생용 출력 안내와 동교과 강사 전달을 필수로 요구. 시수 산정 시점에 미리 점검 필요.",FALSE
128,2025-11,11/3,"행정실","행정실장","10월말 예산집행현황 중간점검","행정실장이 10월말 기준 부서별 예산집행현황을 배부하고 2학기 중반 중간점검 자료로 활용하도록 안내. 학년도말에 예산집행이 몰리지 않도록 조기 집행을 독려. 9월 추경, 11월 중간점검, 학년말 정산으로 이어지는 흐름.",TRUE
129,2025-11,11/3,"교육연구부","연구기획","학부모회 주관 가을 클래식 음악회 운영","11/10(월) 19시 음악실에서 개최하는 음악회를 11/3 안내하고 학부모 참석 신청을 수합. 종료 후 강사비 지급을 위해 주민번호·날인이 포함된 강사카드를 행정실 지출 담당에게 제출해야 하며, 서류 미비 시 지급이 지연되므로 강사카드를 사전에 정확히 받아둘 것.",FALSE
130,2025-11,11/4,"교무기획부","수업계","분기별 보강 수당 지급 확인","3분기(8/18~10/31) 보강 배정 현황을 첨부로 배부하고 당일 4교시까지 이상 여부 회신받아 수당(시간당 12,000원) 지급. 결강 교사 본인의 보강, 일정 변경으로 수업이 줄어든 교사의 보강, 동아리활동 보강은 지급 제외라는 기준을 명시.",TRUE
131,2025-11,11/6,"체육안전부","안전점검·훈련","기관합동 소방(화재대피)훈련","10/29 사전 예고(11/6 7교시 약 20분, 7교시 수업교사 임장지도, 수행평가·진도 지장 시 수업변동, 공강 교사는 지정 위치 안전지도, 지도 불가자는 사전 통보) → 11/3 세부 안내 → 11/6 당일 시행. 단축수업일과 겹쳐 시각 조정이 있었음.",TRUE
132,2025-11,11/7,"교무기획부","기획(인사·복무)","수능 시험실 감독관 위촉 및 복무 처리","9월 말 명단 작성에 이어 11/6 감독관 위촉 명단 확정 → 11/7 복무 안내: 위촉자는 11/12(수)·13(목) 학교별 대표교사가 일괄 출장 상신, 11/14(금) 재량휴업일은 개별 41조 연수, 미위촉자는 11/13~14 개별 41조 연수. 복무는 11/10까지 상신, 감독관 회의는 11/12 14시 각 시험장(신분증·인장 지참).",TRUE
133,2025-11,11/10,"행정실","급여","초과근무 지문등록 안내","초과근무 시간 확인용 지문인식기를 운영하므로 미등록자는 초과근무 전 반드시 행정실에서 지문등록을 하도록 전체 안내. 지문등록 없이 초과근무하면 수당 지급이 불가하므로 신규·전입 교직원에게 학기 초 안내가 필요.",TRUE
134,2025-11,11/17,"교무기획부","생기부","2학기 생기부 입력 연수 및 점검 계획","11/17 교직원회의에서 2학기 생기부 입력 안내·점검계획 연수를 실시하고, 연수자료와 참고자료를 패들렛 및 공유자료실(교무기획부-학교생활기록부)에 탑재. 이후 반별 마감(담임)과 교과 세특 수정 요청 등 점검이 이어지므로 12월 학기말 업무의 출발점.",TRUE
135,2025-11,11/17,"교장·교감","교감","공직기강 특별점검 기간 복무·겸직 관리","11/11~12/31 공직기강 특별점검에 따른 복무관리 강화 공문 공람(추석 연휴 전 9월에도 명절 공직기강 점검 안내). 11/20 겸직 집중 신고기간에 따른 겸직관리 강화 공문도 추가 공람. 연말·명절마다 반복되므로 복무 상신 시간 준수와 겸직 허가 여부 확인을 안내해야 함.",TRUE
136,2025-11,11/19,"상담복지부","기획","긴급복지 신고의무자교육(법정의무교육) 이수","교원·직원·강사 전원이 매년 1시간 이상 긴급복지 신고의무자교육을 이수해야 하며, 한국보건복지인재원·중앙교육연수원·서울시교육청연수원 3개 경로별 신청기간과 나이스 등재 방식을 안내. 이수증 또는 나이스 등재 캡처를 11/28까지 담당자에게 메시지 제출(파일명: 성함_긴급복지이수증).",TRUE
137,2025-11,11/19,"진로교육부","진로교육부장","연간 진로체험 실적 보고 수합","부서별·학년별 실시한 진로체험의 활동유형·인정시간을 엑셀에 입력해 11/26까지 제출받음. 외부기관 내교 프로그램은 체험처명을 잠실중학교로, 현장직업·직업실무·학과체험형은 4시간 이상, 캠프형은 6시간 이상 활동이 전제이며 실시 예정 활동도 미리 입력. 학년말 교육활동 결과 보고 시즌의 시작.",TRUE
138,2025-11,11/20,"진로교육부","진로교육부장","3학년 자소서·면접 특강 운영","자기주도학습전형(국제고·외고·자사고 등) 지원 3학년 대상으로 자소서 특강 1차 11/21(금) 5,6교시, 피드백 특강 11/28(금) 5,6교시, 면접 특강 12/8(월) 5,6교시를 과학실A에서 진행. 교과교사는 해당 시간 수업에서 빠지면 안 되는 학생이 있으면 사전 조치, 참가 명단은 첨부 확인.",TRUE
139,2025-11,11/21,"3학년부","진로연계","3학년 자기개발시기(전환기) 프로그램 운영","기말고사 후 11/3부터 메타버스 금융교육, 후기고·특성화고 설명회 방송, 공예체험, 경제교육, 성교육, 달력 컬러링 등 외부 강사·방송 프로그램을 운영. 10/28 사전 안내로 시간표 변경 수요를 수업계에 접수하고, 각 프로그램 당일 해당 교시 교과교사의 임장·출석 지도를 개별 안내. 수업나눔카페를 외부 강사 대기실로 지정.",TRUE
140,2025-11,11/24,"창의인문부","인문교육","월별 인성교육의 날 운영","매월 조회시간 방송교육 형태로 운영(9/30 '나를 알아가는 과정' 영상+활동지, 10/21 방송교육). 11월(11/25~27)은 <잠실중 마음약국: 시 처방전>으로 익명 고민 접수 후 학생 약사가 시 처방전을 작성·전달하는 방식. 활동지 학급함 배부→학급 수합→창의인문부 제출 흐름과 담임의 방송 집중 지도가 기본 틀.",TRUE
141,2025-11,11/26,"교장·교감","교감","교원 평정 다면평가관리위원회 구성","교원 평정을 위해 다면평가관리위원회 구성 의견을 수렴(2024년은 부장대표 2, 담임대표 2, 비담임대표 1, 비교과대표 1 총 6명). 11/26 부장별 부서 의견 수합(당일 13시까지) → 11/28 예년과 동일 구성으로 확정 공지. 12월 평정 업무의 사전 절차.",TRUE
142,2025-11,11/27,"교육연구부","연구기획","학교평가 설문 실시(학생·교원·직원)","10/28부터 부서별 학교평가 문항·자료를 수합한 뒤, 11/27 학생 설문(QR 학급함 배부, 조종례 시간 활용)과 교원·직원용 구글폼 설문을 배포하고 12/2(화)까지 참여 완료 요청. 담임의 참여 독려가 핵심이며 교감이 주간업무에 학교평가 일정 입력을 병행 지시.",TRUE
143,2025-11,11/27,"창의인문부","기획","2학기 창체 자율활동 입력 예시 배부","1~3학년 담임에게 2학기 창의적 체험활동 자율활동 나이스 입력 예시(학생회 임원·생활부원 문구 포함)를 배부. 당일 생활부원 부분을 수정해 재배부했으므로 최종본 확인이 필요. 학기말 생기부 입력과 연동되는 자료로 매 학기말 반복.",TRUE
144,2025-11,11/28,"교무기획부","고사계","1,2학년 기말고사(12/15~17) 준비 일정","10/31 전체 일정 예고(11/10 시험범위 교과협의록 제출, 11/17 출제 고사연수, 11/20 고사원안 제출, 12/8 감독연수) → 11/4 고사원안 양식 배부 → 11/17 교과협의록 작성 수합 → 11/28 시험감독 불가자 복무 사유(나이스 결재 필수)를 12/1까지 신고받는 흐름으로 진행.",TRUE
145,2025-12,12/1,"교육연구부","연구기획","교원학습공동체 운영 마감·결과보고","12/1로 학교 안 교원학습공동체 운영 기간이 종료되며 각 모임별 출석부·이수자 명단·결과보고서 제출을 안내. 12/8 퇴청 전까지 제출 리마인드 후 내부결재와 교육청 공문 제출을 거쳐 12/10 직무연수(상시과정) 결과보고서를 학교혁신지원센터 홈페이지에 탑재하도록 재안내함. 12월 초까지 마감되도록 일정 관리 필요.",TRUE
146,2025-12,12/1,"교무기획부(평정)","교감·교무기획부장","교원 평정·다면평가 실시","12/1 정성평가용 자기실적평가서 배부(12/3 제출), 12/2 정량평가(다면평가) 파일 배부(12/4 제출) 후 기준 수정으로 12/3~5 파일 재배부·재제출 진행. 12/4~8 연령순 그룹별 다면평가자 대표 3인 선출, 12/9~10 다면평가위원 평가 후 결과지·USB 제출. 12/30에는 2026학년도 다면평가 기준안(직무연수 45시간 만점·당해 11/30 이수 마감 등)을 배포해 의견 수렴함.",TRUE
147,2025-12,12/5,"교무기획부(생기부)","생기부","생활기록부 입력 일정 관리","12/5까지 정규동아리·자율동아리 입력 및 반영 마감을 재안내하고, 이후 학기말 생기부 입력 일정은 패들렛 일정표로 공유해 진행. 담당자는 항목별 마감일을 잡아 반복 안내하고 개별 수정 요청을 관리해야 함.",TRUE
148,2025-12,12/8,"교무기획부(고사)","고사계","수행평가일람표 제출","1·2학년 교과교사가 12/12 퇴청 전까지 나이스에서 강의실별 일람표(학년평균 표시 해제)를 출력, 일람표 상단 전 교사 서명 후 클립철해 제출. 평가기준표에 없는 점수(예: 10-8-6점 기준에 9점) 입력 여부를 반드시 확인시키고, 동교과 강사에게는 교과교사가 직접 전달하도록 안내함.",TRUE
149,2025-12,12/8,"교무기획부","교무기획부장","연말 인사 조사(전보·휴직·명예퇴직)","12/8 중→고 전보 희망 서류 마감(당일 15시 교육청 공문 발송), 12/11 나이스 인사기록 현행화(주소·가족·경력)와 2026년 휴직 예정자 신고(12/16까지) 안내. 12/15에는 2026년 8월말 명예퇴직 수요조사를 공람하고 12/23까지 희망자 회신을 받음. 12월 중순에 인사 관련 조사가 몰리므로 일정 관리 필요.",TRUE
150,2025-12,12/10,"창의인문부","기획","학생회 정·부회장 선거 운영","12/8 점심 모집 설명회 → 12/10 선거 공고 포스터 학급 배부 → 12/23~30 아침 교문 선거운동 → 12/31 6·7교시 선거 실시(창의인문부가 학급별 임장교사 배정, 조퇴·연가자 사전 파악) → 1/2 당선인 공고 순으로 진행. 각 단계마다 담임교사 대상 안내 메시지 발송이 필요함.",TRUE
151,2025-12,12/10,"교육연구부","연구기획","1정 자격연수 등록·복무 상신 안내","대상 교사에게 1정 연수 공문 공람 후 기간 내 등록을 안내하고, 복무 상신 방법을 상세 안내함(집합연수는 국내출장(관내), 원격연수일은 오전 출장+오후 조퇴, 특정일은 41조 연수+출장 분할). 12/16 오전까지 복무 상신 완료하도록 마감 관리.",TRUE
152,2025-12,12/11,"보건","보건","교직원 공단검진 연내 마감 안내","당해년도 대상자(홀수연도 출생)가 12/31까지 검진받도록 리마인드, 미검진 시 과태료 부과 가능 안내. 검진 후 기관·날짜를 보건실에 통보받고, 개인 종합검진·임신 등 사유자는 공단에 검진제외 신청하도록 안내함.",TRUE
153,2025-12,12/12,"2학년부","기초학력","기초학력 3차 향상도 검사·실력향상수업 정산","3학년은 3차 향상도 검사지를 출력해 12/22 점심까지 실시 후 원본 제출(1·2학년은 기말고사 성적으로 대체 점검). 실력향상수업 출석부는 15차시 기준, 활동일이 교사 복무와 겹치지 않게, 방과후 시간 45분/차시로 작성해 제출. 1/2 검사 결과지를 배부해 교과협의록에 기재하도록 후속 안내함.",TRUE
154,2025-12,12/15,"교무기획부(고사)","고사계","2학기 기말고사 시행·시험감독 운영","12/15~17 매일 아침 시감 유의사항 안내(책상 서랍 교탁 방향, 출석번호순 5×7 배치, 문제지 면수·인쇄 확인, 별도 고사실 학생, 40분 교시 등)와 감독 누계시수 공유. 시험 후 12/23~24 1·2학년 성적 이의신청 기간 운영, 12/26 고사 원안·정답배점표 PDF 제출 안내(문서 암호 해제, 파일명 규칙, 12/30 마감).",TRUE
155,2025-12,12/15,"행정실","계약·학운위","2회 추경·2026 본예산 요구서 제출","2026학년도 본예산 요구서는 12/31까지 내부기안(행정실장·담당자 공람, 전년 결산자료 참고), 제2회 추경 요구서는 12/23까지 기안하되 학기말 불용 예산은 감액처리 신청. 추경 안건을 다룰 학운위(1/7) 안건은 12/26까지 제출. 교감도 부서별 2026 예산계획 파일 사전 제출을 요청함(12/23).",TRUE
156,2025-12,12/17,"상담복지부","방과후","겨울방학 방과후 강좌 수요조사","4기(겨울방학) 방과후는 1/12~23 2주간 운영되며, 강좌 개설 희망 교사는 12/19까지 구글시트에 작성하도록 안내. 방학 약 4주 전에 수요조사를 시작해야 함.",TRUE
157,2025-12,12/18,"교육연구부","연구기획","학교발전협의회 운영","12/22·12/26 14:30 과학실A에서 1·2차 학교발전협의회 진행(전체 안내 후 분임토의, 노트북 지참), 해당일은 교과시간 10분 단축 운영. 부서별 협의 내용은 12/26까지 구글시트에 입력받고, 협의 결과 중 2026 학교교육계획·학교규정 반영 사항은 부장들이 확인하도록 후속 처리(12/29).",TRUE
158,2025-12,12/19,"교무기획부","교무기획부장","연말·학년말 학사일정 종합 안내","발전협의회 단축수업(12/22·26), 성적 이의신청 12/23~24(체험학습 불가), 학년별 외부활동에 따른 급식시간 변경, 1/6(화) 월요일 시간표 대체 수업, 1/7~8 4교시 오전수업 등을 종합 안내. 외부활동으로 수업이 빠지는 교사의 보강 발생 가능성과 강사 사전 안내 책임도 명시함.",TRUE
159,2025-12,12/24,"교장·교감","교감","2026 업무분장 부장희망원 접수","2026학년도 업무분장을 위해 부장 희망자는 희망원을 작성·출력해 12/29까지 제출하도록 안내. 이후 1월 초 인사자문위 협의와 전체 업무분장 희망원 접수로 이어지는 첫 단계임.",TRUE
160,2025-12,12/26,"교무기획부","기획(인사·복무)","겨울방학 과제 수합","겨울방학 계획 수립을 위해 방학 과제가 있는 교과는 교과주임이 수합해 12/30까지 회신하도록 안내. 방학계획서(연수자료)에 반영됨.",TRUE
161,2025-12,12/29,"교무기획부(고사)","고사계","12월 교과협의록(학기말 성적 분석)","전 교과가 1·2학년 수행평가 성적 분석(수행 100% 교과는 이것만)과 기말고사 성적 분석 협의록을 1/2까지 기안. 결재라인은 동교과 전체(병렬협조)-고사담당-교무부장-교감-교장이며 관련 문서번호를 기안문에 명기. 협의 날짜 이전 기안 금지, 참석자 근태 일치 확인 필요.",TRUE
162,2025-12,12/29,"교무기획부","교무기획부장","2026 범교과 학습주제 편성 안내","내년도 범교과 학습주제 편성·운영 공문을 공람하고, 각 부서가 필수 실시 내용을 창체에 편성 요청하거나 창체 편성이 어려우면 부서 차원 교육계획을 마련하도록 안내. 2학기 초 수요조사로 만든 창체계획은 확정이 아니며 교육과정에 따라 변동될 수 있음을 고지함.",TRUE
163,2026-01,1/2,"행정실","세입·기록물","2025년 생산기록물 행정실 이관","각 부서가 보존문서인계인수서(보유기록물 목록)를 작성해 내부기안(부장-교감-교장, 행정실장·담당 공람) 후, 출력본에 인계자 서명해 기록물과 함께 1/8까지 행정실에 제출. 페이퍼클립 제거, 시험지·답안지는 표지 부착한 박스로 제출 가능.",TRUE
164,2026-01,1/2,"교무기획부","기획(인사·복무)","겨울방학 41조 연수·eVPN 복무 상신","방학 중 41조 연수와 eVPN을 1/6(화) 오전까지 일괄 복무 상신하도록 안내. 신학년도 준비기간(2/12·2/13·2/26)과 설연휴는 제외하고 상신해야 하며, 공무 외 국외여행 계획서 양식은 공유자료실에 게시. 방학식(1/9) 전 주에 안내 필요.",TRUE
165,2026-01,1/5,"행정실","급여","연말정산 서류 제출","1/20~23 16시까지 나이스 업로드 및 서류 제출: 소득세액공제신고서(서명), 국세청 간소화 PDF, 해당자 등본·가족관계증명서(부양가족 주민번호 전체공개), 의료비·기부금 명세서 등. 해외여행 등으로 기한 내 제출이 어려우면 사전 연락받도록 안내함.",TRUE
166,2026-01,1/5,"교육연구부","교과서","학년말 헌 교과서 배출","1/7 1교시부터 3학년→2학년→1학년, 1반부터 순차적으로 학생이 직접 후관 분리수거장에 배출(쉬는 시간 진행 금지, 끝반이 다음 학년 1반에 순서 전달). 진급학년에서 계속 쓰는 교과서는 버리지 않도록, 버려도 되는 교과서 목록을 담임이 칠판에 부착하고 임장 교과교사가 확인.",TRUE
167,2026-01,1/5,"교무기획부(생기부)","생기부","생기부 세특 동일 문구 점검","여름 교육청 점검에서 학생 간 세특이 처음부터 끝까지 동일한 사례가 지적되어, 겨울방학 점검 전 전 교과교사에게 같은 반·인접 번호 학생 위주로 완전 동일 세특이 없는지 재확인 요청. 학기말 생기부 마감 전 점검 항목으로 유지 필요.",TRUE
168,2026-01,1/5,"생활지도부","기획","학생생활규정 제·개정 의견수렴","휴대전화 벌점 부과, 수업방해 징계 강화, 학생회 후보 추천 기준 등 4개 개정안에 대해 e알리미 설문을 1/6까지 진행하고 담임이 학생 참여를 독려. 참여 저조로 기한을 연장(1/9)했고 종업식 1교시에 담임 지도하에 QR 설문으로 전원 참여시킴. 설문 시기를 방학 직전으로 잡으면 참여 관리가 어려움.",FALSE
169,2026-01,1/5,"행정실","행정실장","방학 중 교사동 대청소","방학 중 교내 전체 대청소 실시를 1/5 안내하고 1/7 재안내. 교실·특별실 정리와 협조사항을 방학 전 전 교직원에게 공지함.",TRUE
170,2026-01,1/7,"체육안전부","안전점검·훈련","교직원 안전교육 실적 제출","전 교직원(교원·직원·계약제 포함)이 구글폼에 이수/미이수를 반드시 체크하고 이수증 PDF를 1/23까지 메신저로 제출. 정교사는 3년 주기(2024~2026) 15시간, 계약제 교직원은 6개월마다 2시간 기준. 학년말에 이수 현황을 정리해야 함.",TRUE
171,2026-01,1/7,"교무기획부","교무기획부장","2026 교육과정 최종 확정","1학년 1학기 자유학기 운영을 위한 -1시수 감축 교과를 국어·사회·기술가정으로, 2학기 학교자율시간은 정보 2시간 운영으로 확정해 보고. 12/31 교육과정위원회와 교과별 논의(감축 협의)를 거쳤고, 확정 직후 교과주임이 회의록에 당일 서명하도록 마감함. 보고 기한이 방학 직전이라 일정이 촉박함.",TRUE
172,2026-01,1/7,"교장·교감","교감","2026 업무분장 희망원 접수·조정","업무분장(안) 배부 후 전 교원이 희망원을 1/9 11시까지 제출: 6개 업무 기재(지망 순위 없음), 본교 2년 이상 동일업무는 교체 원칙(업무팀↔학년부 순환), 생활지도부 업무 1개 필수 기재. 1/2~1/7 인사자문위원회 회의와 부장단 확인을 병행했고, 2/12 수정 업무분장표 배포로 확정됨.",TRUE
173,2026-01,1/7,"교무기획부","기획(인사·복무)","겨울방학식·졸업식·종업식 운영","1/9(금) 1·2교시 40분 운영 후 1·2학년 귀가, 3학년은 10:40 강당 입실·11시 졸업식. 전날 졸업생 증가로 접이식 의자 확보, 2·3학년 교실 개방 대비 청소·정리, 당일 복무는 오전 11시 전 상신 등 협조 안내. 졸업식 가정통신문은 1/2 사전 발송함.",TRUE
174,2026-01,1/8,"교무기획부","수업계","4분기 보강 수당 정산","4분기(11/1~1/8) 보강 배정 현황 파일을 배부해 당일 4교시까지 이의 확인 후 수당 지급(시간당 12,000원). 본인 결강 보강, 수업 감소 교사의 보강, 동아리 보강은 지급 제외. 학기 중에는 매주 시간표 변경 안내도 같은 담당자가 수행함.",TRUE
175,2026-02,2/9,"행정실","계약·학운위","학년도말 학운위 마무리·차기 구성 준비","2/12 15:30 2025학년도 마지막 학교운영위원회 개최 안내. 2/26에는 차기 학부모위원 선출관리위원회 추천자 명단 양식을 배부해 새 학년도 학운위 구성 절차를 시작함.",TRUE
176,2026-02,2/11,"행정실","급여","교육공무직원 근무성적평가","부서 배치 교육공무직원의 근무성적평가표를 담당 부장이 작성·서명(양면 인쇄)해 2/13까지 행정실에 제출. 학년도말 정례 평가임.",TRUE
177,2026-02,2/13,"창의인문부","동아리","교내동아리 편성 인원 조정","신학년 교내동아리 인원은 특별한 사유가 없는 한 학급당 2명 기준(학년별 학급수×2)으로, 2/23까지 공유 구글시트에 개설 동아리 인원을 입력·수정하도록 안내함.",TRUE
178,2026-02,2/13,"과학정보부","정보기기","방학 중 정보기기 유지보수 신청","프린터 연결 등 유지보수가 필요한 교사는 신청 구글시트에 작성하고 노트북 비밀번호를 메모로 남겨야 방학 중(2/26) 작업 가능. 개학 전 기기 점검을 위해 신학년 준비기간 전에 수요를 수합함.",TRUE
179,2026-02,2/13,"교장·교감","교감","장기재직휴가 신청 접수","2026년 1학기 장기재직휴가 희망자는 2/26까지 교감에게 신청서 제출. 관련 지침과 신청 서식은 공유자료실 장기재직휴가 폴더에 게시함.",TRUE
180,2026-02,2/19,"교무기획부","기획(신학년)","2026 학교안내자료 제작","구글 공유드라이브의 담당부서 안내 파일을 확인하고 기존 2025 학교안내자료를 부서별로 수정해 3/5까지 제출하도록 부장들에게 안내. 신입생·학부모 안내용 자료로 개학 직후 배포됨.",TRUE
181,2026-02,2/20,"행정실","행정실장","학년도말 지출품의 마감","2025학년도 회계 지출품의를 2/25까지 각 부서에서 완료하도록 안내(행정실 원인행위 2/27 완료 일정 역산). 회계연도 마감 전 미집행 예산 정리 필요.",TRUE
182,2026-02,2/23,"교장·교감","교감","3월 교육활동 계획 입력·신학년 자료 정비","3월 월간·주간 계획을 구글 공유드라이브(2026 폴더)에 입력하고, 공유자료실 2025 폴더의 작년 자료를 참고해 업무 진행 시 2026 각 부서 폴더에 업로드하도록 안내. 출결 관련 서류는 학년부장 협의 후 수정·업로드. 2/26 예정이던 부장회의는 3/3(개학일)로 연기됨.",TRUE
183,2026-02,2/26,"1학년부","주제선택","자유학기 주제선택 프로그램 개학 준비","주제선택 운영 교사는 2/26 퇴청 전까지 프로그램 구글시트를 입력하고, OT용 소개자료 내용을 개학일(3/3) 퇴청 전까지 회신. 담당자가 PPT·소개 영상을 제작해 개학 직후 학생 선택 안내에 사용하므로 일정이 촉박함.",TRUE
184,2026-02,2/26,"도서관","사서","수업 지원 도서·공간 수요조사","올해 교과수업·수행평가에 필요한 도서(복본 구입)와 도서관 모둠학습실 수업 계획 수요를 양식에 기재해 3/13까지 회신하도록 전 교사에게 안내. 신학기 장서·공간 운영 계획에 반영됨.",TRUE
185,2026-02,2/26,"교육연구부","기획","학습 SW 학운위 심의 안내","정규수업에서 잠깐이라도 사용하는 모든 SW(공공·교사 개발·해외 포함)는 학운위 심의 대상이며(동아리·방과후 제외), 교육청 시트의 요건 충족 SW만 심의 요청 가능. 구글 클래스룸·미리캔버스·캔바 등 기심의 목록 외 SW는 과학정보부가 수합해 추가 심의 진행, 서면 심의 간소화는 1학기까지 연장됨.",TRUE
186,2026-02,2/26,"과학정보부","정보기획","개인정보 동의서·처리방침 정비","신학년 개인정보 수집·이용 동의서 가정통신문 제작을 위해 부서별로 추가 동의가 필요한 신규 업무를 3/3 퇴청 전까지 회신받고, 작년 개인정보 처리방침 기준 위탁업무·수탁기관 정보도 함께 파악. 개학 초 전체 학생 동의 절차 전에 완료해야 함.",TRUE
187,2026-02,2/27,"교무기획부","기획(신학년)","개학일 일정·신학년 기초자료 배포","3/3(화) 개학일 일과표를 첨부로 재안내하고, 3/1 기준 학생수와 반별 학생명렬표를 공유자료실에 게시(2·3학년 반편성은 3/3 공개 전 유출 금지). 교직원 명렬·좌석배치도·비상연락망도 공유자료실 2026 교무기획부 폴더에 게시함.",TRUE
188,2026-03,3/3,"교무기획부","연수·교과서","교과서 배부 및 교사용 교과서 안내","개학일(3/3)에 담임이 교과서를 배부하고 과부족 권수를 당일 퇴청 전까지 구글시트에 입력, 남거나 모자란 교과서는 담당자에게 학생 편으로 처리한다. 분실 시 학생이 직접 구매, 전출 시 반납을 학급에 공지시킨다. 교사용 교과서는 1교무실에 비치하고 부족분은 교과별로 출판사에 직접 요청, 지도서는 담당자에게 대여 신청한다.",TRUE
189,2026-03,3/3,"행정실","급여","신학기 급여자료 제출","3월 급여 작업을 위해 개학 직후 전 교직원의 원천징수동의서(식대·상조 공제 체크), 부양가족수당 수령자의 부양가족신고서(기존 수령자도 재제출), 신규자 급여통장 사본을 걷는다. 2026년은 3/4(수) 16시 마감으로 운영했다. 3/9에는 원천징수동의서의 식대공제 체크 확인 안내가 추가로 나갔다.",TRUE
190,2026-03,3/3,"교무기획부","기획(교무)","학사일정 배부 및 신학년 초 일정 안내","개학일 아침에 교직원용·교실 게시용(학생용) 학사일정 파일을 전체 발송하고, 학기 초 적응기간 신학년 일정을 별도 안내한다. 3/19경 인쇄된 교직원용 학사력이 나오면 부서별로 배부한다. 이후 학사일정 변경(4/10 노동절 공휴일 지정 등) 시 수정본을 재배포한다.",TRUE
191,2026-03,3/3,"교무기획부","수업계","시간표 운영(임시→확정) 및 주간 변경 안내","개학일에 임시 시간표(3/4~3/10 운영)를 안내하고, 3/10에 확정 시간표를 배포해 3/11부터 적용했다. 교사·학생 모두 컴시간 알리미(학생에게 학교코드 비공개)로 매일 아침 당일 변동을 확인하도록 별도 사용법을 안내한다. 이후 매주 금요일경 다음 주 시간표 변경(조퇴·출장·연구수업 등 사유 포함)을 전체 메시지로 안내하는 것이 상시 업무다.",TRUE
192,2026-03,3/3,"교무기획부","고사계","교과평가계획 수립·제출","신학년 준비기간에 패들렛으로 교과평가계획을 수합하고, 세부 평가계획서는 3/5까지 공유자료실(2026 고사 폴더)에 제출받는다. 이후 검토→학업성적관리위원회 심의→교육청 보고 순으로 진행되므로 기한 준수가 중요하다. 3/25에는 교무부장이 과제형·암기식 수행평가 금지 공문을 전체 재안내했으니 평가계획 검토 시 반영해야 한다.",TRUE
193,2026-03,3/3,"교무기획부","나이스·생기부","나이스 부서별 권한 부여","학기 초 나이스 기본 세팅 후, 각 부장이 부서원 자료권한을 추가/삭제하고 학년반 교무자료권한 승인요청(결재: 담당부장-교감-교장)을 직접 올리도록 방법을 안내한다. 과목 개설 후 교과목 권한, 동아리 편성 후 동아리 권한, 자유학기 편성 후 자유학기 권한이 순차 생성됨을 알린다. 연도 전환 작업 등으로 나이스를 전년도로 잠시 돌릴 때는 사전 공지 후 작업한다.",TRUE
194,2026-03,3/4,"상담복지부","방과후","1기 방과후학교 강좌 개설 수요조사","3/23~6/26 총 20차시(차시당 45분) 운영 기준으로 교원 대상 강좌 개설 희망을 3/6까지 수합했다. 아침반(주2회 7:30~8:15) 또는 방과후반(주1회 2차시) 선택, 강좌당 12~20명(12명 미만 미개설, 2차시 후 10명 미만 폐강), 수당은 4,000원×20차시×수강인원. 학교행사 휴강 시 보강 실시 조건도 함께 안내한다.",TRUE
195,2026-03,3/4,"창의인문부","기획","1학기 학급 정·부회장 선출","3/4에 선출 예고(지원서 학급함 배부, 2·3학년은 교사 3인 추천 필요)→3/9에 당일 운영 절차(투표 방식, 회장·부회장 성별 상이, 과반 미달 시 2차 투표) 상세 안내→3/10 5교시 선출 후 즉시 명단 제출 순으로 진행했다. 당선자에게는 임원 리더십 캠프(3/26~27) 참가 신청서를 배부하고 3/13 비용 출금 가정통신문, 3/23 대의원회 안전교육까지 이어진다.",TRUE
196,2026-03,3/5,"생활지도부","생활평점","생활부원 선출","학급 정·부회장 선거와 같은 날(3/10 5교시) 학급당 남녀 각 1명의 생활부원을 선출하도록 담임에게 안내한다. 입후보에는 작년 수업 교사 3인의 추천 서명이 필요하며, 선출 당일 추천서를 생활지도부에 제출받는다. 학기 초 상벌점 초기화(3/10 실시, 개학 후 입력분도 삭제되므로 재입력 안내)도 함께 챙긴다.",TRUE
197,2026-03,3/6,"창의인문부","동아리","동아리 조직 및 연간 운영 시작","3/6 운영 예고(가정통신문·신청서 학급함 배부)→3/10 6교시 동아리 조직(담임 지도, 인원 제한 동아리는 구글시트 선입력 금지)·7교시 오리엔테이션→3/13 첫 동아리 활동 순으로 진행했다. 연간지도계획은 3/13 오전까지, 활동 물품신청은 3/18까지 수합하고, 매 활동일 전 구글시트에 활동 안내를 입력받는다. 외부강사 동아리는 성범죄·아동학대 전력조회 동의서를 미리 받아야 한다.",TRUE
198,2026-03,3/9,"위클래스","전문상담","전교생 표준화 심리검사","3/9에 예고 후 3/19(목) 4교시 전 학급에서 실시(1·2학년 다요인 인성검사, 3학년 교과계열 탐색검사). 해당 교시 교과교사가 1교무실에서 검사지를 수령해 방송 안내에 따라 실시하며 학생은 컴퓨터용 사인펜을 준비한다. 4/3에 검사 결과 활용 담임교사 연수를 실시했고, 1학년 정서행동특성검사는 별도로 4/2 4교시에 디벗으로 진행했다.",TRUE
199,2026-03,3/9,"교무기획부","기획(교무)","학부모총회 준비 및 운영","3/20(금) 총회를 앞두고 3/9 부서별 발표 PPT 제작 요청(필수 부서: 교무기획·교육연구·생활지도·2학년부, 3/16 마감)→3/16 마감 리마인드→3/18 통합 PPT 배포 및 당일 일정·시간표 안내 순으로 진행했다. 총회 때 학급당 2명씩 학부모 대의원 명단을 수합하고, 이 명단이 교복선정위·앨범선정위 등 각종 위원회 구성의 기초자료가 된다.",TRUE
200,2026-03,3/9,"보건","보건","교직원 결핵검진(흉부 X-ray)","3/9에 전 교직원 대상 구글설문으로 수요를 파악하고, 4/24(금) 1학년 건강검진과 같은 날 오전 8시부터 교직원 검진을 실시했다. 짝수년도 국가공단검진 대상자·채용 신체검진자는 해당 검진으로 대체되므로 4/24 검진 불가(설문에는 참여)임을 안내한다. 4/20과 4/23에 실시 직전 리마인드를 보냈다.",TRUE
201,2026-03,3/9,"체육안전부","체육행사·안전","안전점검의 날 운영 및 교직원 안전연수 이수 관리","매월 4일 안전점검의 날에 담당교실(담임=담임학급, 특별실·특별구역은 별도 배정) 체크리스트를 작성해 공유자료실 해당 월 폴더에 업로드하도록 하고, 매달 안내 메시지를 발송한다. 별도로 안전교육 의무이수(교원 3년 주기 15시간, 7대 영역 중 3개 이상 / 기간제·강사는 매학기 2시간)를 안내하고 이수증을 12/1까지 수합하며, 직무연수 인정 강좌 목록도 공유했다.",TRUE
202,2026-03,3/11,"교무기획부","연수·교과서","교직원 법정의무교육 운영","3/11에 올해 법정의무교육 목록을 구글시트로 정리해 부서별 담당·이수증 제출시기를 기재하게 하고, 서울시교육청연수원 법정의무연수 묶음과정 신청·이수를 전체 안내했다. 법정의무연수 포함 연 60시간 이상 직무연수를 이수해야 성과급 불이익이 없음을 함께 공지한다. 4/3부터 구글폼으로 이수증을 제출받았고, 감염병·4대폭력 예방 등 보건 소관 연수는 보건실에서 별도 안내(3/19)했다.",TRUE
203,2026-03,3/12,"2학년부","기초학력","맞춤형 학업성취도 자율평가(표집학교)","표집학교로 지정되어 3/16(월)~18(수) 학년별 3개 학급이 크롬북 기반 자율평가에 응시했다(2·3학년 국수영사과 5교시, 1학년은 진로적응도 포함 6교시). 해당 시간 교과교사가 감독하며, 성적 미반영 평가라는 점과 표집 취지를 미참여 학급에도 안내하도록 했다.",FALSE
204,2026-03,3/16,"교무기획부","수업지원","학기초 부서 협의회 실시","3/20(금)~4/10(금) 중 부서별 1일을 선택해 협의회(1인 25,000원)를 실시하도록 안내하고, 날짜를 3/19까지 구글시트에 입력받았다. 협의회 당일 조퇴·초근·출장 등 복무 상신자는 협의회 인원에서 제외해야 하며, 실시 후 계획서 기안과 품의를 처리한다. 학습준비물 신청(3/25 마감)·대여 장부 운영도 같은 담당자가 병행한다.",TRUE
205,2026-03,3/23,"교무기획부","나이스·생기부","학교정보공시 1차(4월) 입력·마감","3/23에 부서별 공시항목과 나이스 경로(정보공시(작)-공시자료관리-등록·확인·마감)를 안내하고, 작성자 마감 후 부장이 확인자 마감을 하도록 하여 3/23~3/31 사이에 완료시켰다. 입력지침서를 첨부해 배포하고, 사전에 정보공시 항목별 담당자 현황 점검(3/19)을 부장들에게 요청했다.",TRUE
206,2026-03,3/25,"2학년부","기초학력","기초학력 향상수업 대상 선정 및 운영","1학년 기초학력 진단검사와 2·3학년 학기말 성적으로 선발된 학생을 대상으로, 국·영·수 교과군에서 학년별 담당교사 3명씩을 3/27까지 추천받았다(클래스당 2~3명, 연 14차시). 3/31 학생 명단을 확정해 안내하고 가정통신문을 발송했으며, 4월부터 수업을 시작해 4/14·4/28에 담당교사에게 운영 안내를 이어갔다.",TRUE
207,2026-04,4/2,"위클래스","전문상담","1학년 정서행동특성검사","4/2(목) 4교시 1학년 각 교실에서 안내 방송에 따라 디벗으로 검사를 실시했다. 해당 교시 교과교사가 입실 전 1학년 교무실 학년함에서 학생 개인참여번호를 수령해 가야 한다. 실시 당일 아침 전체 메시지로 최종 안내한다.",TRUE
208,2026-04,4/3,"교육연구부","연구기획","교학공(교원학습공동체)의 날 운영","매월 교학공의 날(4/6, 4/27 등 월요일)에 10분 단축수업 후 14:30부터 팀별 협의·연구를 진행하고 협의록을 작성한다. 실시 전주에 단축 시간표를 전체 안내하고, 연구물품은 인당 5만원 한도(연구 주제 관련 도서 가능, 단순 사무용품 불가)로 시트 신청→일괄 품의→배송 후 수령확인 체크 방식으로 운영한다. 3월에 계획서 제출·회의록 작성부터 시작해 학기 내내 반복되는 흐름이다.",TRUE
209,2026-04,4/3,"행정실","계약·학운위","승용차 2부제(홀짝제) 시행","원유 안보위기 '경계' 단계 발령에 따라 4/8부터 경보 해제 시까지 교직원 차량 2부제를 시행했다. 적용제외 신청자는 4/7까지 신청서·자동차등록증 사본·증빙서류를 행정실에 제출받았다. 평시에는 승용차요일제·미세먼지 비상저감 2부제 안내(3/19)가 정례로 나간다.",FALSE
210,2026-04,4/7,"상담복지부","기획","사제멘토링팀 모집","교사 1명과 학생 1~6명(2~4명 권장, 교육취약학생 최소 1명 필수 포함)으로 팀을 구성하는 사제멘토링을 4/8까지 모집하고, 참여 저조로 4/9까지 연장했다. 신청 시 학생 명단, 교육취약학생 이름·사유, 활동 계획을 메시지로 수합하며 3~4팀 운영 규모로 계획했다. 사전에 교직원 연수에서 프로그램을 소개해두면 모집이 수월하다.",TRUE
211,2026-04,4/7,"교무기획부","성적처리","성취평가기준·수행평가 반영비율 나이스 입력","1학기 성적처리를 위해 2·3학년 학년별 교과 대표교사가 나이스 지필/수행선행작업에서 성취평가기준 등록과 수행평가 영역·반영비율·만점 입력을 4/10까지 완료하도록 안내했다(학기말 반영여부 'O' 체크, 지필+수행 100% 확인 필수). 4/14에 미완료 교과 대상 리마인드를 발송했다. 나이스 메뉴 경로를 단계별로 적어 보내면 문의가 줄어든다.",TRUE
212,2026-04,4/8,"진로교육부","진로교육부장","서울진로진학박람회 참가 신청","7/15(수) 양재 aT센터에서 열리는 박람회에 학급·동아리 단위(학교당 3팀, 합계 100명)로 참가 신청을 받았다. 4/9 정오까지 담당자에게 메시지로 신청받고 5/22 확정 통보되는 일정이며, 담당 기획교사가 전체 재안내를 병행했다.",TRUE
213,2026-04,4/9,"교육연구부","연구기획","연구수업·수업나눔 운영","3월 말 교과·일정 확정(동교과 시간표 일괄 변경 포함)→수업 7일 전 수업설계안 제출→사전협의(패들렛 댓글)→당일 아침 전체 안내 및 참관→당일 점심 사후협의회→교과 대표가 사후협의록 내부결재 순으로 운영한다. 4월에는 음악과·국어과 연구수업과 공개수업을 진행했고, 5월 도덕과 일정은 구글폼으로 미리 수합했다. 참관을 위한 타 교과 시간표 변경 협조 요청이 핵심 실무다.",TRUE
214,2026-04,4/10,"교무기획부","기획(교무)","학사일정 변경(노동절 공휴일 지정) 안내","5/1 노동절의 법정공휴일 지정으로 수업일수가 191일에서 190일로 변경된 학사일정 파일을 전체 배포하고 가정통신문으로도 안내했다. 법령 개정 등으로 학사일정이 바뀌면 수정 파일 배포+가정통신문 발송을 세트로 처리한다.",FALSE
215,2026-04,4/15,"창의인문부","창의인문부장","잠실공동체약속 제정 설문","4/15 작년 공동체약속을 공유하며 교직원 의견을 먼저 수렴한 뒤, 4/22~28 설문조사를 실시했다(교직원은 구글폼, 보호자는 e알리미, 학생은 담임이 학급 게시). 의견 수렴→설문→제정 순의 연례 절차로, 학기 초 학급회의(4/3 '행복한 학급 만들기')와 연계된다.",TRUE
216,2026-04,4/16,"보건","보건","1학년 건강검진","4/24(금) 오전 검진기관이 내교하여 강당·검진차량에서 1학년 전체 건강검진을 실시했다. 학급 순서표에 따라 해당 교시 교과교사(1반만 담임)가 학생을 인솔·임장하며, 이동 동선과 화장실 이용 구역을 제한해 타 학년 수업 방해를 막는다. 4/16 사전 안내→4/23 전일 리마인드→당일 진행 순이며, 교직원 결핵검진을 같은 날 오전에 병행했다.",TRUE
217,2026-04,4/17,"행정실","계약·학운위","학교운영위원회 개최 및 안건 수합","제1회 학운위(4/8)에 이어 제2회(4/29)를 개최하며, 상신 안건이 있는 부서는 4/21까지 내부기안(행정실장 협조, 담당자 공람)하도록 안내했다. 3월에 교원위원 선출 공고와 학운위원 청렴연수 기안이 선행되고, AI선도학교 소프트웨어(개인정보 수집) 심의처럼 각 부서 안건이 학운위 일정에 맞춰 움직이므로 일정 예고가 중요하다.",TRUE
218,2026-04,4/21,"창의인문부","창의인문부장","자율활동(7교시) 임장지도 계획 수립","5/6(수) 7교시 안전교육+인성교육(감사의 달 편지쓰기), 5/29(금) 7교시 흡연예방교육의 임장지도 계획을 수립했다. 비담임은 두 시간 모두 필수 임장, 담임은 둘 중 하루 담임학급 임장이 원칙이며, 예외자는 4/24까지 회신받았다. 날짜 오기가 있어 4/29 정정 재전송을 했으니 일자 표기에 유의.",TRUE
219,2026-04,4/23,"교무기획부","고사계","1학기 중간고사 운영","3/31 원안 편집·제출서류 안내(공유자료실 고사 폴더, 원안지 비밀번호 공유)→4/23 시험감독 배정(감독 불가자는 교무부장·교감과 복무 협의 후 당일 회신)→4/27 원안 인쇄, 4/28부터 교과별 시험지 포장(구글시트로 시간 예약)→4/29 감독교사 매뉴얼 재안내(7분 전 입실, OMR 배부 절차 등)→4/30 감독 명단 확정·고사본부에서 시험지 수령 순으로 진행했다. 고사 당일 학년별 하교 시간 안내는 교무부장이 별도 발송한다.",TRUE
220,2026-04,4/28,"교무기획부","기획(교무)","재량휴업일(5/4) 41조 연수 신청","5월 연휴 중 재량휴업일인 5/4에 대해 41조 자율연수 상신(결재: 본인-교무부장-교감-교장)을 4/29 14시까지 완료하도록 안내했다. 국외여행자는 연수 기간 포함 시 자율연수계획서 첨부(연가는 계획서 불요), 연휴 중 해외 출국자는 5/4 미포함이어도 교감에게 개별 보고하도록 했다.",TRUE
221,2026-04,4/29,"체육안전부","체육행사·안전","5월 공습대비 대피훈련 예고","5/13(수) 6교시 14:40~15:00에 공습대비 대피훈련을 실시하며, 교내 대피장소가 없어 교실에서 방송 시청 방식으로 진행하고 해당 교시 교과교사가 임장지도한다. 수업 진도로 시간표 변동이 필요한 교사는 5/6까지 회신받아 시간표를 조정해 준다.",TRUE
222,2026-05,5/6,"교무기획부","성적처리","1학기 중간고사 성적처리(채점→이의신청→마감)","5/6 답안 업로드 완료 즉시 교과교사에게 나이스 일괄채점(당일 퇴청 전) 방법 안내. 5/8에 이의신청 절차 안내(5/11~12 이의신청, 담임은 5/11 조회 때 정오표 배부, 서논술형 점수 포함 여부 확인). 5/13에 마감 안내를 보내 5/14 퇴청 전까지 결시자·학적변동자 입력 후 정기시험 마감하도록 함. 결시자 명단은 첨부파일로 함께 제공.",TRUE
223,2026-05,5/6,"교무기획부","고사계","중간고사 고사원안·정답배점표 제출","고사 종료 후 실시 교과는 고사원안과 정답배점표를 PDF로 5/8(금)까지 고사계2에 메신저 제출. 파일명 규칙(예: 2026학년도3학년1학기 중간고사_수학(문제/정답)) 지정, 원안 PDF는 암호 해제 필수, 고사 중 문제·정답 수정사항 반영 후 제출.",TRUE
224,2026-05,5/6,"교육연구부","연수·교과서","월례 교직원회의 운영(자료 수합→회의→미참석자 연수)","매월 둘째 주 월요일 15:30 과학실A에서 교직원회의 운영. 각 부서는 전주 금요일까지 공유드라이브에 부서명 포함 PDF 회의자료 업로드(5/6 안내→5/8 리마인드→5/11 회의). 필수연수가 포함된 회의는 미참석 교사 대상 별도 연수 실시(5/13). 6/8, 7/13에도 동일 사이클로 반복, 개학일(8/18) 회의도 사전 예고함.",TRUE
225,2026-05,5/6,"교무기획부","기획(교무)","8월말 교육공무원 명예퇴직 안내","명예퇴직 시행 계획 공문 공람 후 희망자는 5/19(화)까지 담당자에게 메시지로 의사 표시하도록 안내. 공고기간 4/29~5/19, 실제 신청기간 5/20~26. 이후 7월에 2027년 수요조사가 별도로 진행되는 연간 흐름.",TRUE
226,2026-05,5/8,"교무기획부","수업계","주간 시간표 변경 안내(매주 발송)","매주 금요일 전후로 다음 주 시간표 변경 사항(병가·출장 등 사유 포함)을 전체 안내하고 컴시간알리미 확인을 요청. 담임은 학급 시간표 변경을 확인해 학급에 안내해야 함. 병가 등 발생 시 주중 추가 변경 안내도 수시 발송(학기 내내 반복). 고사·연구수업 참관 등을 위한 시간표 조정 요청도 이 담당자와 협의.",TRUE
227,2026-05,5/11,"행정실","급여","외부시험 감독관 신청 수시 안내","본교에서 치러지는 외부시험(공공기관 채용, JLPT, 금융연수원 자격시험 등)의 감독관을 수시로 모집 안내. 시험명·일시·수당을 명시하고 기한 내 신청받는 방식으로 5~7월 내내 거의 매주 발송됨. 희망 교직원 신청을 받아 명단을 관리하며, 사정 변경 시 명단 교체 처리.",TRUE
228,2026-05,5/13,"생활지도부","생활평점","상벌점 입력 시 알리미 발송 안내","교사가 상점·벌점 부여 시 학생·학부모에게 알리미/문자가 반드시 발송되도록 '발송안함' 체크 여부를 확인하라고 전체 안내. 비고란에 벌점 사유를 구체적으로 기재해 학부모가 사유를 알 수 있게 할 것을 요청.",FALSE
229,2026-05,5/14,"생활지도부","기획","학교폭력 예방교육(외부기관 방문교육) 운영","'비폭력평화물결' 학교로 찾아가는 학교폭력 예방교육을 학년별 1~4교시에 운영(5/19 3학년 → 6/9 1학년 → 6/11 2학년). 해당 시간 수업 교사에게 사전 안내하고 수업시간 변경 요청을 조정하며, 일정 변경 시 재안내 다수 발생. 종료 후 6/12 참관 교사 의견 수렴까지 진행.",TRUE
230,2026-05,5/14,"행정실","행정실장","냉방 가동 개시 및 에어컨 사용 지침","낮 기온 30도 초과 시점(5/14)에 행정실장이 냉방 가동 개시를 안내하고, 꼭 필요한 시간대 위주 가동을 요청. 같은 날 교감이 아침 10분 환기 지도, 적정 온도 유지 등 세부 사용 지침을 보완 안내. 매년 더위 시작 시점에 반복되는 안내.",TRUE
231,2026-05,5/15,"교육연구부","교육연구부장","교직원 워크숍 운영","5/6 필수참여 안내 및 참석 응답 수합(5/8 재안내) → 5/14 대표 출장 상신(퇴청 전)과 여행자보험(안전공제회, 인당 600원) 지출품의 → 5/15 워크숍 실시(버스 2대, 구급함 대여) → 5/18 견적 지출 처리, 5/21 만족도 조사 결과 공유. 건강 사유 불참자 복무 별도 처리 필요.",TRUE
232,2026-05,5/18,"체육안전부","체육행사·안전","매월 4일 안전점검의 날 체크리스트","매월 4일 안전점검의 날에 맞춰 담당교실 안전점검 체크리스트를 작성해 공유자료실(2026체육안전부>안전점검체크리스트)에 업로드하도록 매월 전체 안내(5/18, 6/2, 7/1 반복). 담당자가 매월 초 리마인드를 보내는 정례 업무.",TRUE
233,2026-05,5/20,"3학년부","앨범","3학년 졸업앨범 촬영 운영","6/2(화) 교내 졸업앨범 촬영을 약 2주 전(5/20) 3학년 교과교사에게 예고: 학생들이 교복·사복 환복 및 과학실·운동장 이동으로 수업 정상 진행이 어려우며 교과교사가 임장 지도. 당일(6/2)에는 사복 등교·하교 시까지 사복 허용을 재안내. 예상 시간표를 첨부해 협조 요청.",TRUE
234,2026-05,5/20,"보건","보건","2·3학년 소변검사 실시","5/22(금) 오전 검사요원이 학급 방문 방식으로 실시(학급당 10~15분). 5/20 사전 안내 후 5/21에 교실 외 장소 수업 교사는 미리 알려달라고 재안내, 5/22 완료 보고까지 마무리. 이틀 전 안내→전일 확인→당일 실시의 흐름.",TRUE
235,2026-05,5/21,"교무기획부","성적처리","1학년 자유학기 성적 피드백 입력·점검","5/21 입력 마감일 안내(과세특·주제선택·진로탐색, 자유학기학교생활통지표 포함, 장기결석·위탁학생 문구 통일). 5/29 1차 피드백(대국민 나이스 학부모서비스 5/28~6/5 오픈) 대비 최종 점검 요청, 담임은 출결마감·수업일수 확인·교과 12개 확인. 6/19 최종 피드백 일정 안내로 이어짐.",TRUE
236,2026-05,5/22,"행정실","급여","맞춤형복지 온누리상품권 배부","2026년 맞춤형복지 온누리상품권(지류)을 배부하며, 당일 퇴근 전까지 행정실 방문해 배부대장 서명 후 수령하도록 안내(주말 보관 불가 사유). 배부일 당일 전 직원 수령 완료가 관건.",TRUE
237,2026-05,5/27,"교무기획부","고사계","기말고사 시험 범위 수합","고사계가 교과별 기말고사 시험 범위 양식을 배포하고 교과대표가 수합·제출(5/27 요청, 교과별로 주중 회신). 각 교과는 범위 확정을 위한 교과협의회를 거쳐 협의록을 상신(국어과 기준 5/29 확인 → 6/1 협의록 상신). 기말고사 시행계획 수립의 첫 단계.",TRUE
238,2026-05,5/28,"체육안전부","체육행사·안전","1학기 구기대회 운영","학년별 구기대회 계획 안내: 1학년 넷볼(6/1~12), 2학년 축구(6/8~19), 3학년 농구(기말고사 이후). 송파구 지원사업 예산으로 운영, 시상금(1등 20만/2등 10만/3등 5만원 학급비)은 1학기 내 사용. 대회 기간 불가피한 시간표 변경 사전 양해 요청, 종목 정정 등 후속 안내 포함.",TRUE
239,2026-05,5/29,"교육연구부","연구기획","교학공의 날 단축수업 운영(매월)","매월 첫 월요일 교학공의 날에 10분 단축수업 운영(점심 11:40, 하교 14:00, 14:30~ 교학공 활동·협의록 작성). 전주 금요일에 시간표를 전체 안내해 학생 사전 공지시키고, 영양사에게 급식시간 변경을 별도 통보. 7월은 교학공 결과 공유 '공동소통 DAY'(7/6)와 결합 운영.",TRUE
240,2026-06,6/1,"생활지도부","기획","교육활동보호연수 유치·일정 관리","강동송파 '학교로 찾아가는 교육활동보호연수'(주제: 올바른 민원대응법)를 신청·선정받아 8/24(월) 교직원회의 시간으로 일정 확정 안내. 7/14 정년퇴임 관련 일정과 겹쳐 일정 재조정 협의. 외부 강사 연수는 교직원회의 시간대와 학교 행사 일정을 함께 조율해야 함.",FALSE
241,2026-06,6/2,"교무기획부","고사계","수행평가 실시·일람표 제출 절차 안내","2·3학년 교과교사 대상: 수행평가 실시 완료 → 학생 확인 → 일람표 출력 후 비고란 학생 정자 서명(출력물 교과교사 보관) → 6/26(금)까지 교사 날인 후 고사계2 캐비닛에 제출. 6/15·6/22 제출방법(출력 경로, 클립철, 명단 동그라미) 리마인드. 미참여 학생은 기말 마감일 7/1까지 참여시킨 뒤 제출, 강사 교사에게 동교과가 전달.",TRUE
242,2026-06,6/4,"보건","보건","2학년 학생 심폐소생술 교육","6/5(금) 2학년 심폐소생술 교육 실시(1~7반 1·2교시, 8~14반 3·4교시). 3월에 연간 계획으로 사전 예고하고 전일에 해당 교시 수업 교사에게 리마인드하는 방식. 해당 교시 교과교사 협조(임장·수업 조정)가 필요.",TRUE
243,2026-06,6/8,"교무기획부","나이스·생기부","생활기록부 입력 안내 및 1학기 점검 계획 연수","6/8 교직원회의에서 생기부 입력·점검 계획 연수 후 자료 배포. 2학기 부담 경감을 위해 1학기부터 선제 점검하는 방침이며, 방학 중 장학사 방문 점검 대비 수정 요청 가능성을 예고. 구어체 지양, 맞춤법·따옴표·입력불가 항목 등 기재요령 준수 강조.",TRUE
244,2026-06,6/8,"과학정보부","과학정보부장","AI 디지털 리터러시 진단검사(2학년)","AI 디지털 선도학교 필수과제로 2학년 전 학급이 디벗으로 1시간 진단검사 실시. 당초 7/7(화) 6교시 검토 후 교과 의견 수렴을 거쳐 기말고사 이후 2학년 기술시간에 실시하는 것으로 확정(교과교사 임장지도). 실시 시기는 성적처리 일정과 겹치지 않게 조정 필요.",TRUE
245,2026-06,6/10,"교무기획부","나이스·생기부","상반기 정보공시 자체점검","6/10 기준일로 수시 및 정시 1~2차 공시 항목을 자체 점검하고 오류 발견 시 수정·보완, 정정 실시. 자체 점검표의 입력값-근거자료 일치 여부에 O/X 표시해 6/11(목) 퇴청 전 제출. 개선 의견은 수합해 교육청에 전달.",TRUE
246,2026-06,6/12,"교육연구부","연구기획","서울학생종단연구 본조사 운영","6/12 운영계획 결재·공람 후 3학년 담임에게 대상 학생 명단 안내(7/6~10 점심시간 연구부 실시, 조회 때 안내 및 결석 자제 지도 요청). 7/1 3학년 담임·국영수 교과·관리자 온라인 설문 실시, 설명회 등과 일정 충돌 시 조정. 7/14 참여자 수당 계좌 확인 및 지급 기안으로 마무리.",TRUE
247,2026-06,6/15,"교육연구부","연구기획","1정 자격연수 대상자 안내·복무 지원","6/15 대상자 및 복무 처리 기준 안내, 당일 포기자 확인(포기 서류 개별 발송) 후 최종 확정, 검진비 품의 연계. 이후 법정의무교육 이수증 7/16까지 수합, 운영계획 공람(6/24, 7/2), 마약검사 서류 안내(6/25), 1정·41조 복무 상신 시트 정리(7/14)까지 단계별 지원.",TRUE
248,2026-06,6/15,"행정실","계약·학운위","학교운영위원회 개최·안건 상신 안내","학운위 개최 전 부서 안건 상신을 요청(3회: 6/24 개최, 안건 6/16까지 상신). 4회(7/22)는 6/23과 7/8 두 차례 사전 안내. 부서별로 심의 필요 안건(소프트웨어 구입 등)을 기한 내 상신해야 하므로 개최 일정을 미리 공유하는 흐름.",TRUE
249,2026-06,6/15,"교무기획부","고사계","기말고사 시행·감독 운영 총괄","6/15 학업성적관리 유의사항·스마트글래스 금지 공문 배포 → 6/19 감독 배정 예고(감독 불가자 6/22 오전까지 회신) → 6/23~26 고사원안 인쇄 및 교과별 시험지 포장 스케줄(구글시트 시간 입력) → 6/26 감독교사 매뉴얼 안내 → 6/29·6/30·7/1 일차별 감독 시간표 발송(서술형 과목 필기구 지도, 별도고사실 운영 포함) → 7/1 1학기 감독시간 누계 공유(1·2학기 합산 균형 방침).",TRUE
250,2026-06,6/19,"교무기획부","성적처리","2·3학년 수행평가 나이스 마감","1학기 성적처리를 위해 6/26(금)까지 나이스 수행평가 점수 입력 후 전체영역 마감하도록 안내(경로·마감취소 방법 포함). 미응시 학생은 기말 전까지 기회 부여 후 담임과 상황 확인해 평가 기준에 따라 점수 부여. 7/6 미마감 교사 대상 리마인드 발송. 강사에게는 동교과 교사가 전달.",TRUE
251,2026-06,6/22,"상담복지부","방과후","2기(여름방학) 방과후학교 강좌 개설 수요조사","방학 중 방과후학교(7/23~8/5, 하루 2차시×10일=20차시, 차시 45분) 개설 희망 교사를 6/26(금)까지 조사. 강좌당 10~20명, 10명 미만 미개설·2차시 후 8명 미만 폐강, 수당은 4,000원×20차시×수강인원 기준. 방학 약 한 달 전 수요조사 시작이 적절.",TRUE
252,2026-06,6/23,"교무기획부","성적처리","2·3학년 교과 세부능력·특기사항 입력 안내","1학기 성적처리 일환으로 교과 세특을 7/7(화)까지 입력하도록 안내(입력 경로, 성취기준 기반 작성, 반별 최소 20% 이상 학생 대상 등 기재요령 안내). 당일 일정 혼동이 있어 정정 재안내 발송. 강사 공유는 동교과 교사 담당.",TRUE
253,2026-06,6/23,"보건","보건","교직원 응급 심폐소생술 연수","6/30(화) 13:20~16:20 체육관에서 전 교직원(공무직·스포츠강사·지킴이 포함) 필수 실습연수 실시. 매년 이수해야 하는 학기말 교육청 보고사항으로, 불참자는 개별 연수기관 신청 필요. 활동복 착용 안내, 일주일 전 안내→당일 재안내→종료 보고의 흐름.",TRUE
254,2026-06,6/25,"2학년부","기초학력","기초학력 실력향상수업 학기 마무리·협의회","2·3학년 기초학력 담당교사는 7/2(목)까지 수업 진행 상황(출석·참여도·어려움·향상도)을 회신하고, 출석부 기재 시간과 복무 특이사항 충돌 여부 확인. 7/6(월) 13시 협의회 후 협의록 서명(담당자가 정리·상신), 7/10 간식 배부·서명으로 마무리. 학교 중간평가 자료로도 활용됨.",TRUE
255,2026-06,6/30,"교무기획부","기획(교무)","여름방학 과제 수합","여름방학 계획 수립을 위해 방학 과제가 있는 교과는 교과주임이 수합해 7/3(금)까지 담당자에게 회신하도록 안내. 방학식 3주 전쯤 시작해 방학 계획(가정통신문 등)에 반영하는 흐름.",TRUE
256,2026-06,6/30,"교무기획부","고사계","서논술형 채점 절차·협의록 관리","채점 색 규정(초검 빨강, 재검 초록, 삼검 파랑, 초·재검은 반드시 다른 교사) 및 수정 시 두 줄 긋고 공동날인 안내(6/30, 7/1 도장 규정 보완 재안내). 채점 후 유사정답·부분점수 인정, 지정 외 필기구 사용 발생 시 교과협의회 협의록 상신 및 학업성적관리위원회 심의 필요(7/2, 7/6). 관련 공문·양식 첨부 제공.",TRUE
257,2026-07,7/1,"교무기획부","고사계","기말고사 고사원안·정답배점표 제출","기말고사 실시 교과는 고사원안(암호 해제 필수)과 정답배점표를 PDF로 7/3(금)까지 고사계2에 메신저 제출. 파일명 규칙 지정, 고사 중 원안·정답 수정사항 반영 후 제출. 중간고사(5월)와 동일한 절차의 반복.",TRUE
258,2026-07,7/1,"체육안전부","체육행사·안전","폭염 대응 조치 안내","2026년 폭염특보 3단계 개편(중대경보 신설, 6/1 시행)과 단계별 조치사항을 전체 안내하고, 폭염 대비 학생 행동요령 인쇄물을 학급함에 배부해 담임이 지도하도록 함. 여름철 시작 시점의 정례 안전 안내.",TRUE
259,2026-07,7/2,"교무기획부","성적처리","기말고사 성적처리·성적통지 흐름","7/2 답안 업로드 완료 후 당일 퇴청 전 나이스 일괄채점 → 7/6 이의신청 안내(7/7~8, 담임은 7/7 조회 때 정오표 배부, 학년별 서논술형 과목 확인) → 7/9 퇴청 전 결시자·학적변동자 입력 후 지필평가 마감 → 7/16 성적산출 완료. 담임은 7/20 조회 때 개인별 성적일람표 배부, 이상 시 7/22까지 교과교사에게 이의, 7/23부터 나이스 학부모·학생 서비스 성적통지표 열람 안내.",TRUE
260,2026-07,7/2,"교무기획부","교무기획부장","교사 다면평가(정량평가) 확인 서식 재안내","학기초 안내한 다면평가 정량평가 확인 서식을 학기말에 재안내하고 공유자료실에 게시. 올해 변경사항으로 연수 이수 기준이 60시간→45시간으로 낮아진 대신 3/1~11/30 내 이수 완료 필요함을 강조. 교사들이 연수 계획을 방학 전 점검하도록 하는 취지.",TRUE
261,2026-07,7/2,"창의인문부","기획","2학기 학급 정·부회장 선거 운영","7/2 학급함에 지원서 5장씩 배부(입후보에 교사 3인 추천 필요, 교사당 3명 추천 가능) → 7/8 선거 절차 안내 → 7/10(금) 7교시 학급 선거 실시 → 7/13 당선자 명단 확인 요청 → 7/21 임명장 학급함 배부 → 7/22 방학식 방송에서 수여(대표 학급은 교장 직접 수여). 담임 협조가 단계마다 필요.",TRUE
262,2026-07,7/6,"교무기획부","기획(교무)","2학기 기간제 교사 채용 면접 협조","2학기 기간제(가정·역사·영어·진로 각 1명) 채용을 위해 각 교과대표가 7/15(수)~16(목) 면접에 참여하도록 요청. 업무·시수·담임 여부 등 채용 관련 정보는 대외비 유지. 학기말에 다음 학기 결원 교과 면접을 진행하는 흐름.",TRUE
263,2026-07,7/7,"교무기획부","나이스·생기부","1학기 생활기록부 입력 마감·점검","학년별 마감일 운영: 7/7 1학년 과목별 세특·주제선택 입력+반영, 7/9 1학년 창체·진로탐색·행발 누가기록, 7/10 2·3학년 창체·과세특·행발 마감(담임은 당일 퇴청 전 생기부 전체 반영). 이후 학년별 1~4차 점검을 거쳐 기획교사가 점검 표지·체크리스트를 교무부에 제출. 7/15 입력·점검용 패들렛 개설, 7/8 생기부 상업적 이용 제한 법령 유의사항 안내까지 이어짐.",TRUE
264,2026-07,7/8,"교무기획부","교무기획부장","2학기 학사일정 변경 안내","2학기 학사일정 중 스포츠어울림마당이 9/11(금)→9/4(금)로 변경됨을 방학 전 미리 안내하고 담임이 학생에게 전달하도록 함. 가정통신문은 2학기 개학 후 발송 예정. 방학 전 확정된 일정 변경은 미리 공유하는 것이 원칙.",FALSE
265,2026-07,7/8,"과학정보부","과학정보부장","AI 선도학교 소프트웨어 구독 갱신·결제 관리","1학기 신청 소프트웨어가 8월 초 만료되므로 1년권 외 SW는 자동결제 해지 확인 요청(7/8, 7/16 재확인). 2학기용은 7/15까지 구글시트로 신청받아 7월 말 결제, 미심의 SW는 학운위 심의 필요. 7/21 행정실 개별 결제 안내(7/22까지), 팀계정 일괄 전환 시 자동결제 취소 시점 관리 필요.",TRUE
266,2026-07,7/13,"교무기획부","기획(교무)","여름방학 41조 연수·eVPN 신청","방학 중 41조 연수와 eVPN을 7/15(수)까지 복무 상신하도록 안내. 공무외 국외여행 계획서 양식은 공유자료실(2026교무기획부-2026방학계획)에 게시. 1정 연수 대상자는 연구부가 별도 복무 정리 시트로 지원(7/14). 방학식 약 열흘 전 안내가 적절.",TRUE
267,2026-07,7/13,"생활지도부","부장","생활규정 제·개정 의견수렴","7/3 부장회의에서 규정 제·개정안 공유 후 교육 3주체(학생·학부모·교직원) 의견수렴 진행. 7/13 교직원 회신율이 낮아 e알리미 회신 독려 메시지 발송. 제·개정 절차상 의견수렴 기록이 필요하므로 회신율 관리가 중요.",FALSE
268,2026-07,7/14,"교무기획부","기획(교무)","2027년 명예퇴직 수요조사","예산 확보 목적의 수요조사(실제 신청 아님)로, 2027년 명예퇴직 희망자는 엑셀 서식을 작성해 7/20(월)까지 회신하도록 안내. 5월의 8월말 명퇴 안내와 별도로 매년 7월경 다음 연도 수요조사가 진행됨.",TRUE
269,2026-07,7/16,"창의인문부","인성교육","7월 인성교육 행사 '시(詩)그널: 짝을 찾아서'","7/21(화) 전교생 대상 행사: 등교 시 학년별 색깔 팔찌(문학 구절)를 배부하고 1~4교시 쉬는시간에 교내 게시 작품을 읽으며 이어지는 구절의 짝을 찾아, 점심시간에 학년별 시간대에 2인이 암송하면 상품 지급. 7/16 계획 안내 → 7/20 조회 방송 안내 → 7/21 운영 중 규칙 보완 안내 → 종료 후 잔여 상품 교무실 배부.",FALSE
270,2026-07,7/21,"교무기획부","수업계","분기별 보강 수당 지급 확인","분기 단위로 보강 배정 현황 파일을 전체 공유해 확인시키고 이상·문의 시 회신받은 뒤 수당 지급(1분기 3/1~5/29분은 5/29 안내, 2분기 6/1~7/21분은 7/21 안내). 시간표 변경 업무와 연동되므로 보강 기록을 분기 말에 정리하는 흐름.",TRUE
271,2026-07,7/22,"교무기획부","교무기획부장","방학식·개학식 운영 안내","7/20(월) 1~4교시 오전수업 후 급식·하교 지도, 7/22(수) 방학식(2교시 방송, 임명장 수여 포함) 일정 안내. 8/18(화) 개학일은 전일제 창체의 날이지만 본인 수업교시에 맞춰 임장지도해야 하므로 강사 교사에게도 사전 전달 요청. 가정통신문 발송 후에도 담임이 학생에게 재안내하고, 개학일 교직원회의(8/18)도 7/15에 미리 예고됨.",TRUE